Product_Code,Warehouse,Product_Category,Date,Order_Demand
Product_0993,Whse_J,Category_028,7/27/2012,100
Product_0979,Whse_J,Category_028,1/19/2012,500
Product_0979,Whse_J,Category_028,2/3/2012,500
Product_0979,Whse_J,Category_028,2/9/2012,500
Product_0979,Whse_J,Category_028,3/2/2012,500
Product_0979,Whse_J,Category_028,4/19/2012,500
Product_0979,Whse_J,Category_028,6/5/2012,500
Product_0979,Whse_J,Category_028,6/27/2012,500
Product_0979,Whse_J,Category_028,7/23/2012,500
Product_0979,Whse_J,Category_028,8/29/2012,500
Product_0979,Whse_J,Category_028,8/29/2012,500
Product_0979,Whse_J,Category_028,9/18/2012,500
Product_0979,Whse_J,Category_028,10/11/2012,500
Product_0979,Whse_J,Category_028,11/1/2012,500
Product_0979,Whse_J,Category_028,11/29/2012,500
Product_0979,Whse_J,Category_028,12/26/2012,500
Product_1159,Whse_J,Category_006,1/6/2012,50000
Product_1159,Whse_J,Category_006,1/18/2012,100000
Product_1159,Whse_J,Category_006,2/2/2012,50000
Product_1159,Whse_J,Category_006,2/22/2012,50000
Product_1159,Whse_J,Category_006,3/2/2012,50000
Product_1159,Whse_J,Category_006,3/9/2012,50000
Product_1159,Whse_J,Category_006,3/23/2012,50000
Product_1159,Whse_J,Category_006,4/6/2012,50000
Product_1159,Whse_J,Category_006,4/16/2012,50000
Product_1159,Whse_J,Category_006,5/7/2012,50000
Product_1159,Whse_J,Category_006,4/17/2012,50000
Product_1159,Whse_J,Category_006,5/30/2012,50000
Product_1159,Whse_J,Category_006,6/20/2012,50000
Product_1159,Whse_J,Category_006,6/29/2012,50000
Product_1159,Whse_J,Category_006,7/9/2012,50000
Product_1159,Whse_J,Category_006,7/17/2012,50000
Product_1159,Whse_J,Category_006,7/30/2012,50000
Product_1159,Whse_J,Category_006,8/27/2012,50000
Product_1159,Whse_J,Category_006,7/31/2012,50000
Product_1159,Whse_J,Category_006,8/6/2012,50000
Product_1159,Whse_J,Category_006,9/4/2012,50000
Product_1159,Whse_J,Category_006,9/18/2012,50000
Product_1159,Whse_J,Category_006,8/30/2012,50000
Product_1159,Whse_J,Category_006,8/30/2012,50000
Product_1159,Whse_J,Category_006,9/12/2012,50000
Product_1159,Whse_J,Category_006,9/25/2012,50000
Product_1159,Whse_J,Category_006,10/1/2012,100000
Product_1159,Whse_J,Category_006,10/10/2012,50000
Product_1159,Whse_J,Category_006,10/18/2012,100000
Product_1159,Whse_J,Category_006,10/25/2012,50000
Product_1159,Whse_J,Category_006,11/1/2012,50000
Product_1938,Whse_J,Category_001,6/6/2012,4
Product_1938,Whse_J,Category_001,7/13/2012,4
Product_1938,Whse_J,Category_001,12/13/2012,4
Product_1157,Whse_J,Category_006,3/8/2012,150000
Product_1157,Whse_J,Category_006,3/8/2012,150000
Product_1157,Whse_J,Category_006,4/23/2012,150000
Product_1157,Whse_J,Category_006,5/23/2012,150000
Product_1157,Whse_J,Category_006,6/4/2012,160000
Product_1157,Whse_J,Category_006,6/4/2012,160000
Product_1157,Whse_J,Category_006,8/9/2012,160000
Product_1157,Whse_J,Category_006,8/20/2012,160000
Product_1157,Whse_J,Category_006,9/10/2012,160000
Product_1157,Whse_J,Category_006,10/19/2012,160000
Product_1157,Whse_J,Category_006,9/28/2012,160000
Product_1157,Whse_J,Category_006,11/19/2012,160000
Product_1157,Whse_J,Category_006,12/19/2012,160000
Product_1234,Whse_J,Category_019,4/25/2012,1000
Product_1451,Whse_J,Category_019,1/12/2012,1000
Product_1274,Whse_J,Category_019,1/16/2012,1000
Product_1274,Whse_J,Category_019,1/24/2012,1000
Product_1274,Whse_J,Category_019,1/24/2012,1000
Product_1512,Whse_J,Category_019,1/25/2012,20000
Product_1512,Whse_J,Category_019,2/1/2012,20000
Product_1512,Whse_J,Category_019,2/15/2012,20000
Product_1274,Whse_J,Category_019,1/31/2012,1000
Product_1274,Whse_J,Category_019,2/7/2012,1000
Product_1274,Whse_J,Category_019,2/13/2012,1000
Product_1274,Whse_J,Category_019,2/15/2012,1000
Product_1274,Whse_J,Category_019,2/21/2012,2000
Product_1451,Whse_J,Category_019,2/28/2012,1000
Product_1274,Whse_J,Category_019,3/6/2012,1000
Product_1274,Whse_J,Category_019,3/12/2012,1000
Product_1512,Whse_J,Category_019,3/21/2012,20000
Product_1274,Whse_J,Category_019,3/27/2012,1000
Product_1512,Whse_J,Category_019,3/27/2012,20000
Product_1512,Whse_J,Category_019,3/30/2012,10000
Product_1512,Whse_J,Category_019,3/30/2012,10000
Product_1512,Whse_J,Category_019,4/12/2012,30000
Product_1512,Whse_J,Category_019,4/20/2012,20000
Product_1274,Whse_J,Category_019,4/2/2012,1000
Product_1274,Whse_J,Category_019,4/9/2012,1000
Product_1451,Whse_J,Category_019,4/23/2012,1000
Product_1512,Whse_J,Category_019,4/27/2012,20000
Product_1512,Whse_J,Category_019,5/23/2012,40000
Product_1274,Whse_J,Category_019,5/1/2012,1000
Product_1274,Whse_J,Category_019,5/22/2012,1000
Product_1451,Whse_J,Category_019,5/29/2012,1000
Product_1274,Whse_J,Category_019,6/4/2012,1000
Product_1512,Whse_J,Category_019,6/15/2012,30000
Product_1512,Whse_J,Category_019,6/20/2012,30000
Product_1512,Whse_J,Category_019,7/4/2012,30000
Product_1274,Whse_J,Category_019,6/19/2012,1000
Product_1451,Whse_J,Category_019,6/26/2012,1000
Product_1274,Whse_J,Category_019,6/27/2012,1000
Product_1274,Whse_J,Category_019,7/4/2012,1000
Product_1512,Whse_J,Category_019,7/23/2012,30000
Product_1512,Whse_J,Category_019,8/3/2012,30000
Product_1512,Whse_J,Category_019,8/22/2012,30000
Product_1274,Whse_J,Category_019,7/24/2012,1000
Product_1451,Whse_J,Category_019,7/24/2012,1000
Product_1274,Whse_J,Category_019,8/7/2012,1000
Product_1274,Whse_J,Category_019,8/21/2012,1000
Product_1274,Whse_J,Category_019,8/28/2012,1000
Product_1274,Whse_J,Category_019,9/3/2012,1000
Product_1451,Whse_J,Category_019,9/10/2012,1000
Product_1512,Whse_J,Category_019,9/12/2012,60000
Product_1512,Whse_J,Category_019,9/25/2012,30000
Product_1512,Whse_J,Category_019,10/11/2012,30000
Product_1274,Whse_J,Category_019,9/25/2012,1000
Product_1451,Whse_J,Category_019,10/9/2012,1000
Product_1274,Whse_J,Category_019,10/12/2012,1000
Product_1274,Whse_J,Category_019,10/16/2012,1000
Product_1274,Whse_J,Category_019,11/6/2012,1000
Product_1512,Whse_J,Category_019,11/14/2012,30000
Product_1512,Whse_J,Category_019,11/22/2012,30000
Product_1512,Whse_J,Category_019,12/12/2012,30000
Product_1512,Whse_J,Category_019,12/27/2012,30000
Product_1451,Whse_J,Category_019,12/3/2012,1000
Product_1274,Whse_J,Category_019,12/18/2012,1000
Product_1970,Whse_J,Category_005,2/7/2012,28000
Product_1970,Whse_J,Category_005,3/1/2012,4000
Product_1970,Whse_J,Category_005,3/22/2012,28000
Product_1970,Whse_J,Category_005,3/22/2012,9000
Product_1970,Whse_J,Category_005,4/18/2012,4000
Product_1970,Whse_J,Category_005,4/23/2012,2000
Product_1970,Whse_J,Category_005,5/2/2012,1000
Product_1970,Whse_J,Category_005,5/22/2012,23000
Product_1970,Whse_J,Category_005,5/23/2012,1000
Product_1970,Whse_J,Category_005,5/30/2012,1000
Product_1970,Whse_J,Category_005,6/11/2012,26000
Product_1970,Whse_J,Category_005,6/27/2012,1000
Product_1970,Whse_J,Category_005,7/23/2012,35000
Product_1970,Whse_J,Category_005,7/23/2012,2000
Product_1970,Whse_J,Category_005,7/23/2012,36000
Product_1970,Whse_J,Category_005,7/26/2012,2000
Product_1970,Whse_J,Category_005,7/31/2012,1000
Product_1970,Whse_J,Category_005,8/6/2012,15000
Product_1970,Whse_J,Category_005,8/21/2012,7000
Product_1970,Whse_J,Category_005,9/18/2012,42000
Product_1970,Whse_J,Category_005,9/6/2012,45000
Product_1970,Whse_J,Category_005,9/24/2012,1000
Product_1970,Whse_J,Category_005,10/12/2012,16000
Product_1970,Whse_J,Category_005,10/15/2012,2000
Product_1970,Whse_J,Category_005,10/23/2012,2000
Product_1970,Whse_J,Category_005,11/20/2012,1000
Product_1970,Whse_J,Category_005,11/15/2012,2000
Product_1970,Whse_J,Category_005,11/29/2012,3000
Product_1970,Whse_J,Category_005,12/19/2012,1000
Product_1970,Whse_J,Category_005,12/19/2012,2000
Product_1372,Whse_J,Category_019,1/6/2012,600
Product_1372,Whse_J,Category_019,1/11/2012,300
Product_1372,Whse_J,Category_019,1/19/2012,1600
Product_1372,Whse_J,Category_019,1/24/2012,900
Product_1372,Whse_J,Category_019,1/27/2012,1300
Product_1372,Whse_J,Category_019,1/31/2012,1600
Product_1372,Whse_J,Category_019,2/3/2012,200
Product_1372,Whse_J,Category_019,2/7/2012,1000
Product_1372,Whse_J,Category_019,2/17/2012,1800
Product_1372,Whse_J,Category_019,3/2/2012,1400
Product_1372,Whse_J,Category_019,3/5/2012,100
Product_1372,Whse_J,Category_019,3/13/2012,1400
Product_1372,Whse_J,Category_019,3/22/2012,1200
Product_1372,Whse_J,Category_019,3/21/2012,300
Product_1372,Whse_J,Category_019,3/22/2012,400
Product_1372,Whse_J,Category_019,3/30/2012,900
Product_1372,Whse_J,Category_019,4/3/2012,300
Product_1372,Whse_J,Category_019,4/4/2012,600
Product_1372,Whse_J,Category_019,4/4/2012,800
Product_1372,Whse_J,Category_019,4/11/2012,2700
Product_1372,Whse_J,Category_019,4/16/2012,300
Product_1372,Whse_J,Category_019,4/20/2012,300
Product_1372,Whse_J,Category_019,4/16/2012,900
Product_1372,Whse_J,Category_019,4/17/2012,200
Product_1372,Whse_J,Category_019,5/8/2012,900
Product_1372,Whse_J,Category_019,5/7/2012,500
Product_1372,Whse_J,Category_019,5/10/2012,1300
Product_1372,Whse_J,Category_019,5/15/2012,500
Product_1372,Whse_J,Category_019,5/21/2012,100
Product_1372,Whse_J,Category_019,5/21/2012,900
Product_1372,Whse_J,Category_019,5/24/2012,1200
Product_1372,Whse_J,Category_019,5/28/2012,1500
Product_1372,Whse_J,Category_019,5/29/2012,600
Product_1372,Whse_J,Category_019,6/1/2012,300
Product_1372,Whse_J,Category_019,5/31/2012,400
Product_1372,Whse_J,Category_019,6/11/2012,1600
Product_1372,Whse_J,Category_019,6/14/2012,1300
Product_1372,Whse_J,Category_019,6/18/2012,1900
Product_1372,Whse_J,Category_019,6/19/2012,600
Product_1372,Whse_J,Category_019,6/26/2012,100
Product_1372,Whse_J,Category_019,6/28/2012,600
Product_1372,Whse_J,Category_019,7/9/2012,500
Product_1372,Whse_J,Category_019,7/12/2012,100
Product_1372,Whse_J,Category_019,7/17/2012,600
Product_1372,Whse_J,Category_019,7/19/2012,500
Product_1372,Whse_J,Category_019,7/25/2012,200
Product_1372,Whse_J,Category_019,7/31/2012,600
Product_1372,Whse_J,Category_019,8/6/2012,800
Product_1372,Whse_J,Category_019,8/21/2012,900
Product_1372,Whse_J,Category_019,8/6/2012,300
Product_1372,Whse_J,Category_019,8/21/2012,700
Product_1372,Whse_J,Category_019,9/3/2012,300
Product_1372,Whse_J,Category_019,10/1/2012,600
Product_1372,Whse_J,Category_019,9/28/2012,1300
Product_1372,Whse_J,Category_019,11/2/2012,200
Product_1372,Whse_J,Category_019,11/16/2012,300
Product_1372,Whse_J,Category_019,12/3/2012,100
Product_1372,Whse_J,Category_019,12/13/2012,200
Product_1372,Whse_J,Category_019,12/25/2012,900
Product_1994,Whse_S,Category_019,11/23/2012,3000
Product_0558,Whse_S,Category_030,8/20/2012,5000
Product_0560,Whse_S,Category_030,8/20/2012,15000
Product_0561,Whse_S,Category_030,10/8/2012,2000
Product_1994,Whse_S,Category_019,1/16/2012,100
Product_1994,Whse_S,Category_019,9/18/2012,300
Product_1994,Whse_S,Category_019,9/18/2012,200
Product_1183,Whse_S,Category_030,1/4/2012,2000
Product_1184,Whse_S,Category_030,1/4/2012,2000
Product_1184,Whse_S,Category_030,3/1/2012,5000
Product_0561,Whse_S,Category_030,8/2/2012,100
Product_0561,Whse_S,Category_030,11/29/2012,400
Product_1150,Whse_J,Category_006,1/26/2012,60000
Product_1150,Whse_J,Category_006,2/2/2012,30000
Product_1150,Whse_J,Category_006,2/16/2012,30000
Product_1150,Whse_J,Category_006,2/21/2012,30000
Product_1150,Whse_J,Category_006,2/23/2012,10000
Product_1150,Whse_J,Category_006,4/12/2012,10000
Product_1173,Whse_J,Category_006,3/22/2012,5000
Product_1150,Whse_J,Category_006,4/19/2012,10000
Product_1150,Whse_J,Category_006,5/10/2012,10000
Product_1173,Whse_J,Category_006,5/2/2012,5000
Product_1150,Whse_J,Category_006,5/31/2012,20000
Product_1150,Whse_J,Category_006,5/21/2012,10000
Product_1150,Whse_J,Category_006,6/7/2012,10000
Product_1150,Whse_J,Category_006,5/31/2012,40000
Product_1150,Whse_J,Category_006,6/5/2012,10000
Product_1150,Whse_J,Category_006,6/7/2012,10000
Product_1150,Whse_J,Category_006,6/14/2012,30000
Product_1150,Whse_J,Category_006,6/21/2012,30000
Product_1150,Whse_J,Category_006,6/26/2012,20000
Product_1150,Whse_J,Category_006,7/5/2012,30000
Product_1150,Whse_J,Category_006,7/17/2012,20000
Product_1150,Whse_J,Category_006,7/26/2012,30000
Product_1150,Whse_J,Category_006,8/1/2012,35000
Product_1150,Whse_J,Category_006,8/1/2012,5000
Product_1150,Whse_J,Category_006,8/23/2012,20000
Product_1150,Whse_J,Category_006,8/31/2012,10000
Product_1150,Whse_J,Category_006,9/20/2012,30000
Product_1150,Whse_J,Category_006,9/20/2012,20000
Product_1150,Whse_J,Category_006,9/25/2012,20000
Product_1150,Whse_J,Category_006,10/4/2012,40000
Product_1150,Whse_J,Category_006,10/11/2012,30000
Product_1150,Whse_J,Category_006,10/16/2012,30000
Product_1150,Whse_J,Category_006,10/25/2012,10000
Product_1150,Whse_J,Category_006,10/30/2012,30000
Product_1150,Whse_J,Category_006,11/8/2012,10000
Product_1150,Whse_J,Category_006,11/22/2012,10000
Product_1150,Whse_J,Category_006,11/22/2012,10000
Product_1150,Whse_J,Category_006,12/6/2012,20000
Product_1150,Whse_J,Category_006,12/13/2012,90000
Product_1150,Whse_J,Category_006,12/20/2012,30000
Product_1900,Whse_J,Category_019,1/24/2012,200
Product_1248,Whse_J,Category_019,1/24/2012,10000
Product_1278,Whse_J,Category_019,2/9/2012,1000
Product_1274,Whse_J,Category_019,2/16/2012,1000
Product_1900,Whse_J,Category_019,2/23/2012,200
Product_1248,Whse_J,Category_019,3/7/2012,10000
Product_1900,Whse_J,Category_019,4/12/2012,200
Product_1900,Whse_J,Category_019,4/17/2012,200
Product_1278,Whse_J,Category_019,5/10/2012,1000
Product_1359,Whse_J,Category_019,4/18/2012,80000
Product_1248,Whse_J,Category_019,4/18/2012,10000
Product_1900,Whse_J,Category_019,4/19/2012,200
Product_1900,Whse_J,Category_019,5/10/2012,200
Product_1900,Whse_J,Category_019,5/16/2012,200
Product_1900,Whse_J,Category_019,5/21/2012,400
Product_1359,Whse_J,Category_019,5/21/2012,70000
Product_1900,Whse_J,Category_019,5/31/2012,200
Product_1900,Whse_J,Category_019,6/7/2012,200
Product_1248,Whse_J,Category_019,6/12/2012,10000
Product_1900,Whse_J,Category_019,6/12/2012,400
Product_1278,Whse_J,Category_019,6/14/2012,2000
Product_1900,Whse_J,Category_019,6/21/2012,200
Product_1359,Whse_J,Category_019,6/26/2012,80000
Product_1900,Whse_J,Category_019,7/5/2012,200
Product_1900,Whse_J,Category_019,7/12/2012,200
Product_1359,Whse_J,Category_019,7/17/2012,100000
Product_1900,Whse_J,Category_019,8/2/2012,400
Product_1248,Whse_J,Category_019,8/16/2012,10000
Product_1900,Whse_J,Category_019,8/21/2012,200
Product_1359,Whse_J,Category_019,8/24/2012,100000
Product_1900,Whse_J,Category_019,8/29/2012,200
Product_1900,Whse_J,Category_019,9/20/2012,200
Product_1278,Whse_J,Category_019,9/19/2012,1000
Product_1900,Whse_J,Category_019,9/20/2012,200
Product_1359,Whse_J,Category_019,10/4/2012,80000
Product_1900,Whse_J,Category_019,10/11/2012,200
Product_1248,Whse_J,Category_019,10/5/2012,10000
Product_1278,Whse_J,Category_019,10/16/2012,1000
Product_1900,Whse_J,Category_019,10/18/2012,200
Product_1359,Whse_J,Category_019,10/29/2012,80000
Product_1900,Whse_J,Category_019,11/2/2012,200
Product_1248,Whse_J,Category_019,11/13/2012,10000
Product_1900,Whse_J,Category_019,11/22/2012,200
Product_1900,Whse_J,Category_019,11/22/2012,200
Product_1274,Whse_J,Category_019,12/3/2012,2000
Product_1270,Whse_J,Category_019,6/19/2012,4000
Product_1581,Whse_C,Category_005,1/10/2012,2000
Product_1581,Whse_C,Category_005,2/9/2012,2000
Product_1581,Whse_C,Category_005,2/13/2012,5000
Product_2015,Whse_C,Category_005,2/24/2012,2000
Product_1581,Whse_C,Category_005,2/29/2012,5000
Product_1581,Whse_C,Category_005,3/9/2012,6000
Product_1581,Whse_C,Category_005,3/15/2012,10000
Product_1581,Whse_C,Category_005,3/22/2012,2000
Product_2015,Whse_C,Category_005,3/26/2012,1000
Product_1581,Whse_C,Category_005,3/27/2012,10000
Product_1581,Whse_C,Category_005,3/28/2012,4000
Product_1581,Whse_C,Category_005,4/5/2012,5000
Product_1581,Whse_C,Category_005,4/6/2012,10000
Product_1581,Whse_C,Category_005,4/9/2012,4000
Product_1581,Whse_C,Category_005,4/20/2012,1000
Product_1581,Whse_C,Category_005,4/23/2012,3000
Product_1581,Whse_C,Category_005,5/4/2012,20000
Product_1581,Whse_C,Category_005,5/9/2012,5000
Product_1581,Whse_C,Category_005,5/23/2012,5000
Product_2008,Whse_C,Category_005,5/29/2012,9000
Product_2008,Whse_C,Category_005,5/29/2012,1000
Product_2015,Whse_C,Category_005,5/31/2012,5000
Product_1581,Whse_C,Category_005,6/7/2012,5000
Product_1581,Whse_C,Category_005,6/14/2012,3000
Product_1581,Whse_C,Category_005,6/15/2012,5000
Product_2015,Whse_C,Category_005,6/20/2012,2000
Product_1581,Whse_C,Category_005,7/3/2012,4000
Product_2004,Whse_C,Category_005,7/5/2012,1000
Product_1581,Whse_C,Category_005,7/9/2012,1000
Product_1581,Whse_C,Category_005,7/13/2012,2000
Product_1581,Whse_C,Category_005,7/18/2012,1000
Product_1581,Whse_C,Category_005,7/20/2012,10000
Product_1581,Whse_C,Category_005,7/23/2012,6000
Product_1581,Whse_C,Category_005,8/1/2012,5000
Product_1581,Whse_C,Category_005,8/6/2012,5000
Product_2015,Whse_C,Category_005,8/6/2012,1000
Product_1581,Whse_C,Category_005,8/8/2012,1000
Product_1581,Whse_C,Category_005,8/20/2012,4000
Product_1581,Whse_C,Category_005,8/21/2012,5000
Product_1581,Whse_C,Category_005,10/10/2012,9000
Product_2015,Whse_C,Category_005,10/11/2012,2000
Product_2004,Whse_C,Category_005,10/15/2012,1000
Product_1581,Whse_C,Category_005,10/19/2012,4000
Product_1581,Whse_C,Category_005,10/23/2012,3000
Product_1581,Whse_C,Category_005,10/24/2012,5000
Product_1581,Whse_C,Category_005,11/12/2012,8000
Product_1581,Whse_C,Category_005,11/23/2012,8000
Product_2008,Whse_C,Category_005,11/23/2012,1000
Product_1581,Whse_C,Category_005,11/28/2012,3000
Product_1581,Whse_C,Category_005,12/12/2012,4000
Product_2015,Whse_C,Category_005,12/12/2012,3000
Product_1581,Whse_C,Category_005,12/19/2012,3000
Product_0071,Whse_C,Category_019,1/9/2012,99000
Product_1570,Whse_C,Category_019,1/12/2012,8000
Product_0083,Whse_C,Category_019,1/18/2012,40000
Product_1570,Whse_C,Category_019,1/19/2012,15000
Product_1570,Whse_C,Category_019,1/31/2012,28000
Product_0083,Whse_C,Category_019,2/1/2012,20000
Product_0083,Whse_C,Category_019,2/3/2012,1000
Product_0083,Whse_C,Category_019,2/9/2012,152000
Product_0071,Whse_C,Category_019,2/15/2012,100000
Product_1570,Whse_C,Category_019,2/17/2012,30000
Product_0083,Whse_C,Category_019,2/23/2012,199000
Product_0083,Whse_C,Category_019,2/27/2012,3000
Product_1502,Whse_C,Category_019,2/29/2012,3000
Product_1570,Whse_C,Category_019,3/2/2012,42500
Product_1570,Whse_C,Category_019,3/2/2012,7500
Product_0083,Whse_C,Category_019,3/7/2012,6000
Product_1570,Whse_C,Category_019,3/8/2012,10000
Product_0071,Whse_C,Category_019,3/15/2012,100000
Product_0083,Whse_C,Category_019,3/15/2012,207000
Product_1570,Whse_C,Category_019,3/19/2012,5000
Product_1502,Whse_C,Category_019,3/28/2012,3500
Product_1570,Whse_C,Category_019,4/6/2012,10000
Product_0071,Whse_C,Category_019,4/9/2012,1000
Product_0083,Whse_C,Category_019,4/9/2012,1000
Product_0083,Whse_C,Category_019,4/23/2012,3000
Product_1570,Whse_C,Category_019,4/25/2012,25500
Product_1570,Whse_C,Category_019,5/2/2012,4000
Product_0083,Whse_C,Category_019,5/9/2012,10000
Product_1570,Whse_C,Category_019,5/14/2012,15000
Product_1570,Whse_C,Category_019,5/14/2012,10000
Product_0071,Whse_C,Category_019,5/24/2012,80000
Product_0083,Whse_C,Category_019,5/24/2012,100000
Product_1570,Whse_C,Category_019,5/24/2012,500
Product_0083,Whse_C,Category_019,5/29/2012,1000
Product_1570,Whse_C,Category_019,6/8/2012,70000
Product_1502,Whse_C,Category_019,6/14/2012,2000
Product_1570,Whse_C,Category_019,6/14/2012,4500
Product_0083,Whse_C,Category_019,6/18/2012,1000
Product_1570,Whse_C,Category_019,6/20/2012,53000
Product_0071,Whse_C,Category_019,6/20/2012,280000
Product_0083,Whse_C,Category_019,6/20/2012,260000
Product_1570,Whse_C,Category_019,6/28/2012,1500
Product_1570,Whse_C,Category_019,7/3/2012,57000
Product_0071,Whse_C,Category_019,7/4/2012,325000
Product_1570,Whse_C,Category_019,7/4/2012,163500
Product_0071,Whse_C,Category_019,7/9/2012,200000
Product_0071,Whse_C,Category_019,7/9/2012,1000
Product_0071,Whse_C,Category_019,7/9/2012,249000
Product_0083,Whse_C,Category_019,7/9/2012,280000
Product_0083,Whse_C,Category_019,7/9/2012,400000
Product_0083,Whse_C,Category_019,7/18/2012,2000
Product_0083,Whse_C,Category_019,7/25/2012,8000
Product_0083,Whse_C,Category_019,7/25/2012,2000
Product_1570,Whse_C,Category_019,7/25/2012,5000
Product_1570,Whse_C,Category_019,7/27/2012,3500
Product_0083,Whse_C,Category_019,8/6/2012,10000
Product_0083,Whse_C,Category_019,8/8/2012,20000
Product_1570,Whse_C,Category_019,8/8/2012,1500
Product_1570,Whse_C,Category_019,8/20/2012,3500
Product_1502,Whse_C,Category_019,8/27/2012,2000
Product_1570,Whse_C,Category_019,9/11/2012,42000
Product_1502,Whse_C,Category_019,9/19/2012,1500
Product_1570,Whse_C,Category_019,9/19/2012,1000
Product_1570,Whse_C,Category_019,10/8/2012,44000
Product_1570,Whse_C,Category_019,10/10/2012,2000
Product_1570,Whse_C,Category_019,10/23/2012,5000
Product_1570,Whse_C,Category_019,10/24/2012,2000
Product_1570,Whse_C,Category_019,10/26/2012,10000
Product_0083,Whse_C,Category_019,11/23/2012,8000
Product_1570,Whse_C,Category_019,11/28/2012,56000
Product_0071,Whse_C,Category_019,12/4/2012,250000
Product_0083,Whse_C,Category_019,12/4/2012,150000
Product_0083,Whse_C,Category_019,12/6/2012,60000
Product_1904,Whse_S,Category_019,1/16/2012,10000
Product_1241,Whse_S,Category_019,2/7/2012,200000
Product_1241,Whse_S,Category_019,4/6/2012,160000
Product_1241,Whse_S,Category_019,6/1/2012,160000
Product_1570,Whse_S,Category_019,2/7/2012,160000
Product_1570,Whse_S,Category_019,4/6/2012,130000
Product_1570,Whse_S,Category_019,6/1/2012,130000
Product_1574,Whse_S,Category_019,2/7/2012,80000
Product_1574,Whse_S,Category_019,4/6/2012,46000
Product_1574,Whse_S,Category_019,6/1/2012,46000
Product_1904,Whse_S,Category_019,2/7/2012,180000
Product_1904,Whse_S,Category_019,3/5/2012,90000
Product_1904,Whse_S,Category_019,4/6/2012,95000
Product_1904,Whse_S,Category_019,6/1/2012,140000
Product_0639,Whse_S,Category_019,2/23/2012,8
Product_0639,Whse_S,Category_019,2/23/2012,2
Product_1234,Whse_S,Category_019,3/12/2012,2000
Product_0639,Whse_S,Category_019,3/28/2012,10
Product_1234,Whse_S,Category_019,5/8/2012,5000
Product_1241,Whse_S,Category_019,6/5/2012,15000
Product_1241,Whse_S,Category_019,7/5/2012,15000
Product_1241,Whse_S,Category_019,7/31/2012,30000
Product_1570,Whse_S,Category_019,6/5/2012,55000
Product_1570,Whse_S,Category_019,7/5/2012,55000
Product_1570,Whse_S,Category_019,7/17/2012,55000
Product_1570,Whse_S,Category_019,7/30/2012,45000
Product_1574,Whse_S,Category_019,6/5/2012,88000
Product_1904,Whse_S,Category_019,6/5/2012,100000
Product_1904,Whse_S,Category_019,7/5/2012,87000
Product_1904,Whse_S,Category_019,7/17/2012,87000
Product_1904,Whse_S,Category_019,7/31/2012,86000
Product_1904,Whse_S,Category_019,6/12/2012,10000
Product_1234,Whse_S,Category_019,7/24/2012,2000
Product_1241,Whse_S,Category_019,8/7/2012,5000
Product_1241,Whse_S,Category_019,8/6/2012,100000
Product_1241,Whse_S,Category_019,8/25/2012,30000
Product_1241,Whse_S,Category_019,8/30/2012,130000
Product_1570,Whse_S,Category_019,8/25/2012,90000
Product_1570,Whse_S,Category_019,8/30/2012,90000
Product_1574,Whse_S,Category_019,8/6/2012,70000
Product_1574,Whse_S,Category_019,8/22/2012,25000
Product_1574,Whse_S,Category_019,8/30/2012,55000
Product_1904,Whse_S,Category_019,8/25/2012,100000
Product_1904,Whse_S,Category_019,8/30/2012,100000
Product_0639,Whse_S,Category_019,8/22/2012,5
Product_1510,Whse_S,Category_019,8/22/2012,14000
Product_0639,Whse_S,Category_019,9/5/2012,5
Product_0639,Whse_S,Category_019,9/14/2012,6
Product_1241,Whse_S,Category_019,9/14/2012,170000
Product_1241,Whse_S,Category_019,10/5/2012,100000
Product_1241,Whse_S,Category_019,11/4/2012,100000
Product_1241,Whse_S,Category_019,12/4/2012,100000
Product_1570,Whse_S,Category_019,9/14/2012,85000
Product_1570,Whse_S,Category_019,10/5/2012,85000
Product_1570,Whse_S,Category_019,11/4/2012,85000
Product_1570,Whse_S,Category_019,12/4/2012,85000
Product_1574,Whse_S,Category_019,9/14/2012,65000
Product_1574,Whse_S,Category_019,10/5/2012,65000
Product_1574,Whse_S,Category_019,11/4/2012,65000
Product_1574,Whse_S,Category_019,12/4/2012,60000
Product_1904,Whse_S,Category_019,9/14/2012,100000
Product_1904,Whse_S,Category_019,10/5/2012,100000
Product_1904,Whse_S,Category_019,11/4/2012,100000
Product_1904,Whse_S,Category_019,12/4/2012,100000
Product_0639,Whse_S,Category_019,9/25/2012,10
Product_0639,Whse_S,Category_019,10/11/2012,6
Product_1510,Whse_S,Category_019,10/24/2012,5000
Product_0639,Whse_S,Category_019,11/6/2012,10
Product_1431,Whse_S,Category_019,11/6/2012,10000
Product_1234,Whse_S,Category_019,11/27/2012,3000
Product_1234,Whse_S,Category_019,11/27/2012,2000
Product_1510,Whse_S,Category_019,11/27/2012,5000
Product_1241,Whse_S,Category_019,12/10/2012,75000
Product_1241,Whse_S,Category_019,12/24/2012,75000
Product_1570,Whse_S,Category_019,12/10/2012,72500
Product_1570,Whse_S,Category_019,12/24/2012,72500
Product_1904,Whse_S,Category_019,12/10/2012,150000
Product_1904,Whse_S,Category_019,12/24/2012,100000
Product_0639,Whse_S,Category_019,12/4/2012,10
Product_0639,Whse_S,Category_019,12/24/2012,5
Product_0558,Whse_S,Category_030,6/25/2012,2000
Product_0556,Whse_S,Category_030,9/14/2012,500
Product_1486,Whse_J,Category_019,2/17/2012,27000
Product_1486,Whse_J,Category_019,2/17/2012,23000
Product_1246,Whse_J,Category_019,3/9/2012,2000
Product_1486,Whse_J,Category_019,3/26/2012,10000
Product_1486,Whse_J,Category_019,4/16/2012,50000
Product_1486,Whse_J,Category_019,5/30/2012,50000
Product_1246,Whse_J,Category_019,6/6/2012,1000
Product_1246,Whse_J,Category_019,7/2/2012,1000
Product_1486,Whse_J,Category_019,7/23/2012,5000
Product_1486,Whse_J,Category_019,7/26/2012,50000
Product_1486,Whse_J,Category_019,9/12/2012,50000
Product_1246,Whse_J,Category_019,10/15/2012,3000
Product_1486,Whse_J,Category_019,10/25/2012,20000
Product_1486,Whse_J,Category_019,11/1/2012,50000
Product_1246,Whse_J,Category_019,12/12/2012,2000
Product_1486,Whse_J,Category_019,12/20/2012,50000
Product_1431,Whse_C,Category_019,12/20/2011,1000
Product_1101,Whse_C,Category_032,2/13/2012,2000
Product_1101,Whse_C,Category_032,5/4/2012,1000
Product_1101,Whse_C,Category_032,11/14/2012,1000
Product_1278,Whse_S,Category_019,1/16/2012,12000
Product_1245,Whse_S,Category_019,1/16/2012,20000
Product_1245,Whse_S,Category_019,1/30/2012,10000
Product_1263,Whse_S,Category_019,1/16/2012,30000
Product_1278,Whse_S,Category_019,12/30/2011,1000
Product_1278,Whse_S,Category_019,1/16/2012,150000
Product_1245,Whse_S,Category_019,2/13/2012,15000
Product_1245,Whse_S,Category_019,1/20/2012,20000
Product_1245,Whse_S,Category_019,1/30/2012,70000
Product_1278,Whse_S,Category_019,1/30/2012,50000
Product_1263,Whse_S,Category_019,2/19/2012,30000
Product_1263,Whse_S,Category_019,3/12/2012,10000
Product_1245,Whse_S,Category_019,2/27/2012,70000
Product_1245,Whse_S,Category_019,3/18/2012,20000
Product_1245,Whse_S,Category_019,3/11/2012,20000
Product_1245,Whse_S,Category_019,4/8/2012,20000
Product_1245,Whse_S,Category_019,4/4/2012,100000
Product_1263,Whse_S,Category_019,4/17/2012,30000
Product_1278,Whse_S,Category_019,5/1/2012,150000
Product_1278,Whse_S,Category_019,5/8/2012,10000
Product_1245,Whse_S,Category_019,5/8/2012,20000
Product_1245,Whse_S,Category_019,6/12/2012,15000
Product_1278,Whse_S,Category_019,5/22/2012,50000
Product_1245,Whse_S,Category_019,4/26/2012,8000
Product_1245,Whse_S,Category_019,5/22/2012,80000
Product_1263,Whse_S,Category_019,7/3/2012,30000
Product_1245,Whse_S,Category_019,7/3/2012,25000
Product_1278,Whse_S,Category_019,6/26/2012,10000
Product_1278,Whse_S,Category_019,7/10/2012,10000
Product_1278,Whse_S,Category_019,7/17/2012,10000
Product_1263,Whse_S,Category_019,8/7/2012,10000
Product_1278,Whse_S,Category_019,7/24/2012,10000
Product_1245,Whse_S,Category_019,8/14/2012,20000
Product_1245,Whse_S,Category_019,7/31/2012,150000
Product_1278,Whse_S,Category_019,8/7/2012,150000
Product_1278,Whse_S,Category_019,8/21/2012,20000
Product_1245,Whse_S,Category_019,8/20/2012,170000
Product_1278,Whse_S,Category_019,9/11/2012,10000
Product_1278,Whse_S,Category_019,10/9/2012,10000
Product_1245,Whse_S,Category_019,9/27/2012,20000
Product_1278,Whse_S,Category_019,10/9/2012,10000
Product_1245,Whse_S,Category_019,10/16/2012,10000
Product_1278,Whse_S,Category_019,10/9/2012,1000
Product_1278,Whse_S,Category_019,10/29/2012,160000
Product_1245,Whse_S,Category_019,10/23/2012,40000
Product_1278,Whse_S,Category_019,11/20/2012,50000
Product_1278,Whse_S,Category_019,11/27/2012,20000
Product_1278,Whse_S,Category_019,11/20/2012,10000
Product_1278,Whse_S,Category_019,12/25/2012,1000
Product_1245,Whse_S,Category_019,12/3/2012,20000
Product_1278,Whse_S,Category_019,11/27/2012,10000
Product_1245,Whse_S,Category_019,12/11/2012,120000
Product_1278,Whse_S,Category_019,11/30/2012,10000
Product_1278,Whse_S,Category_019,12/11/2012,10000
Product_1245,Whse_S,Category_019,12/11/2012,85000
Product_1278,Whse_S,Category_019,12/18/2012,10000
Product_1278,Whse_S,Category_019,12/21/2012,10000
Product_1245,Whse_S,Category_019,12/18/2012,20000
Product_0965,Whse_S,Category_006,6/15/2012,2
Product_1264,Whse_S,Category_019,1/18/2012,10000
Product_1432,Whse_S,Category_019,1/24/2012,5000
Product_1480,Whse_S,Category_019,1/18/2012,10000
Product_1521,Whse_S,Category_019,2/27/2012,10000
Product_0980,Whse_S,Category_028,5/21/2012,10000
Product_0980,Whse_S,Category_028,6/27/2012,3500
Product_0980,Whse_S,Category_028,9/16/2012,2700
Product_0664,Whse_J,Category_011,1/5/2012,1
Product_0664,Whse_J,Category_011,1/23/2012,3
Product_0664,Whse_J,Category_011,1/23/2012,2
Product_0664,Whse_J,Category_011,1/17/2012,2
Product_0664,Whse_J,Category_011,1/23/2012,1
Product_0664,Whse_J,Category_011,1/23/2012,1
Product_0664,Whse_J,Category_011,1/27/2012,1
Product_0664,Whse_J,Category_011,1/23/2012,1
Product_0664,Whse_J,Category_011,1/25/2012,1
Product_0664,Whse_J,Category_011,1/30/2012,2
Product_0664,Whse_J,Category_011,1/31/2012,2
Product_0664,Whse_J,Category_011,2/2/2012,1
Product_0664,Whse_J,Category_011,2/3/2012,4
Product_0664,Whse_J,Category_011,2/22/2012,1
Product_0664,Whse_J,Category_011,2/8/2012,3
Product_0664,Whse_J,Category_011,2/22/2012,2
Product_0664,Whse_J,Category_011,2/8/2012,1
Product_0664,Whse_J,Category_011,2/13/2012,1
Product_0664,Whse_J,Category_011,2/22/2012,1
Product_0664,Whse_J,Category_011,2/22/2012,1
Product_0664,Whse_J,Category_011,2/22/2012,1
Product_0664,Whse_J,Category_011,2/22/2012,1
Product_0664,Whse_J,Category_011,2/22/2012,3
Product_0664,Whse_J,Category_011,2/22/2012,3
Product_0664,Whse_J,Category_011,2/22/2012,1
Product_0664,Whse_J,Category_011,2/23/2012,3
Product_0664,Whse_J,Category_011,2/27/2012,2
Product_0664,Whse_J,Category_011,3/1/2012,2
Product_0664,Whse_J,Category_011,3/5/2012,1
Product_0664,Whse_J,Category_011,3/23/2012,1
Product_0664,Whse_J,Category_011,3/21/2012,4
Product_0664,Whse_J,Category_011,3/12/2012,1
Product_0664,Whse_J,Category_011,3/28/2012,3
Product_0664,Whse_J,Category_011,3/28/2012,10
Product_0664,Whse_J,Category_011,3/28/2012,1
Product_0664,Whse_J,Category_011,4/23/2012,2
Product_0664,Whse_J,Category_011,8/16/2012,1
Product_0031,Whse_J,Category_005,1/9/2012,200
Product_0031,Whse_J,Category_005,1/13/2012,100
Product_0031,Whse_J,Category_005,1/16/2012,100
Product_0031,Whse_J,Category_005,1/17/2012,100
Product_0031,Whse_J,Category_005,1/25/2012,100
Product_0031,Whse_J,Category_005,1/30/2012,100
Product_0031,Whse_J,Category_005,2/3/2012,100
Product_0031,Whse_J,Category_005,2/6/2012,100
Product_0031,Whse_J,Category_005,2/7/2012,100
Product_0031,Whse_J,Category_005,2/10/2012,300
Product_0031,Whse_J,Category_005,2/22/2012,100
Product_0031,Whse_J,Category_005,3/2/2012,100
Product_0031,Whse_J,Category_005,3/6/2012,200
Product_0031,Whse_J,Category_005,3/12/2012,100
Product_0031,Whse_J,Category_005,3/15/2012,100
Product_0031,Whse_J,Category_005,4/2/2012,100
Product_0031,Whse_J,Category_005,4/3/2012,100
Product_0031,Whse_J,Category_005,4/1/2012,200
Product_0031,Whse_J,Category_005,4/9/2012,200
Product_0031,Whse_J,Category_005,4/16/2012,100
Product_0031,Whse_J,Category_005,4/24/2012,200
Product_0031,Whse_J,Category_005,4/26/2012,100
Product_0031,Whse_J,Category_005,5/7/2012,100
Product_0031,Whse_J,Category_005,5/8/2012,100
Product_0031,Whse_J,Category_005,5/7/2012,100
Product_0031,Whse_J,Category_005,5/14/2012,100
Product_0031,Whse_J,Category_005,5/23/2012,100
Product_0031,Whse_J,Category_005,5/30/2012,100
Product_0031,Whse_J,Category_005,5/28/2012,100
Product_0031,Whse_J,Category_005,6/4/2012,200
Product_0031,Whse_J,Category_005,7/25/2012,100
Product_0031,Whse_J,Category_005,7/25/2012,100
Product_0031,Whse_J,Category_005,8/1/2012,100
Product_0031,Whse_J,Category_005,7/25/2012,100
Product_0031,Whse_J,Category_005,7/27/2012,100
Product_0031,Whse_J,Category_005,7/19/2012,100
Product_0031,Whse_J,Category_005,7/25/2012,100
Product_0031,Whse_J,Category_005,6/15/2012,200
Product_0031,Whse_J,Category_005,8/1/2012,100
Product_0031,Whse_J,Category_005,8/10/2012,100
Product_0031,Whse_J,Category_005,8/23/2012,100
Product_0031,Whse_J,Category_005,8/31/2012,100
Product_0031,Whse_J,Category_005,9/6/2012,100
Product_0031,Whse_J,Category_005,9/14/2012,100
Product_0031,Whse_J,Category_005,9/19/2012,100
Product_0031,Whse_J,Category_005,9/27/2012,100
Product_0031,Whse_J,Category_005,10/5/2012,100
Product_0031,Whse_J,Category_005,10/11/2012,100
Product_0031,Whse_J,Category_005,10/17/2012,100
Product_0031,Whse_J,Category_005,10/17/2012,100
Product_0031,Whse_J,Category_005,10/25/2012,100
Product_0031,Whse_J,Category_005,10/25/2012,200
Product_0031,Whse_J,Category_005,11/2/2012,100
Product_0031,Whse_J,Category_005,11/7/2012,100
Product_0031,Whse_J,Category_005,11/15/2012,100
Product_0031,Whse_J,Category_005,11/15/2012,100
Product_0031,Whse_J,Category_005,11/20/2012,100
Product_0031,Whse_J,Category_005,12/6/2012,100
Product_0031,Whse_J,Category_005,12/4/2012,100
Product_0031,Whse_J,Category_005,12/7/2012,200
Product_0031,Whse_J,Category_005,12/14/2012,100
Product_0031,Whse_J,Category_005,12/14/2012,100
Product_0031,Whse_J,Category_005,12/20/2012,100
Product_0031,Whse_J,Category_005,12/20/2012,100
Product_0031,Whse_J,Category_005,12/27/2012,100
Product_0031,Whse_J,Category_005,12/27/2012,100
Product_1262,Whse_J,Category_019,1/5/2012,300
Product_1430,Whse_J,Category_019,1/5/2012,300
Product_1430,Whse_J,Category_019,1/26/2012,200
Product_1469,Whse_J,Category_019,1/27/2012,100
Product_1430,Whse_J,Category_019,1/17/2012,100
Product_1469,Whse_J,Category_019,1/17/2012,100
Product_1250,Whse_J,Category_019,1/27/2012,100
Product_1316,Whse_J,Category_019,1/27/2012,100
Product_1410,Whse_J,Category_019,1/27/2012,100
Product_1315,Whse_J,Category_019,1/27/2012,100
Product_1430,Whse_J,Category_019,1/27/2012,100
Product_1469,Whse_J,Category_019,1/27/2012,100
Product_1250,Whse_J,Category_019,1/26/2012,200
Product_1316,Whse_J,Category_019,1/26/2012,300
Product_1410,Whse_J,Category_019,1/27/2012,1000
Product_1316,Whse_J,Category_019,1/31/2012,1000
Product_1316,Whse_J,Category_019,2/2/2012,200
Product_1250,Whse_J,Category_019,2/7/2012,1000
Product_1316,Whse_J,Category_019,2/7/2012,1000
Product_1315,Whse_J,Category_019,2/10/2012,200
Product_1262,Whse_J,Category_019,2/24/2012,1000
Product_1430,Whse_J,Category_019,2/24/2012,500
Product_1315,Whse_J,Category_019,3/7/2012,100
Product_1262,Whse_J,Category_019,3/8/2012,500
Product_1316,Whse_J,Category_019,3/14/2012,100
Product_1315,Whse_J,Category_019,3/13/2012,600
Product_1315,Whse_J,Category_019,3/28/2012,200
Product_1430,Whse_J,Category_019,3/28/2012,200
Product_1469,Whse_J,Category_019,3/28/2012,100
Product_1316,Whse_J,Category_019,3/27/2012,1000
Product_1262,Whse_J,Category_019,3/28/2012,100
Product_1315,Whse_J,Category_019,3/28/2012,200
Product_1371,Whse_J,Category_019,3/23/2012,200
Product_1430,Whse_J,Category_019,3/23/2012,200
Product_1469,Whse_J,Category_019,3/23/2012,200
Product_1430,Whse_J,Category_019,3/30/2012,100
Product_1250,Whse_J,Category_019,3/30/2012,100
Product_1315,Whse_J,Category_019,4/4/2012,200
Product_1250,Whse_J,Category_019,4/5/2012,1000
Product_1316,Whse_J,Category_019,4/5/2012,1000
Product_1410,Whse_J,Category_019,4/5/2012,200
Product_1250,Whse_J,Category_019,4/10/2012,100
Product_1262,Whse_J,Category_019,4/10/2012,500
Product_1315,Whse_J,Category_019,4/10/2012,500
Product_1371,Whse_J,Category_019,4/10/2012,500
Product_1262,Whse_J,Category_019,4/20/2012,300
Product_1371,Whse_J,Category_019,4/20/2012,300
Product_1430,Whse_J,Category_019,4/20/2012,500
Product_1316,Whse_J,Category_019,5/7/2012,2000
Product_1316,Whse_J,Category_019,5/29/2012,600
Product_1410,Whse_J,Category_019,5/29/2012,300
Product_1470,Whse_J,Category_019,5/29/2012,200
Product_1316,Whse_J,Category_019,5/16/2012,2000
Product_1371,Whse_J,Category_019,5/16/2012,200
Product_1430,Whse_J,Category_019,5/16/2012,200
Product_1250,Whse_J,Category_019,5/29/2012,300
Product_1316,Whse_J,Category_019,6/5/2012,100
Product_1250,Whse_J,Category_019,6/5/2012,1000
Product_1372,Whse_J,Category_019,6/5/2012,100
Product_1410,Whse_J,Category_019,6/5/2012,100
Product_1250,Whse_J,Category_019,5/30/2012,2000
Product_1250,Whse_J,Category_019,6/1/2012,200
Product_1410,Whse_J,Category_019,6/1/2012,200
Product_1371,Whse_J,Category_019,6/12/2012,200
Product_1430,Whse_J,Category_019,6/12/2012,200
Product_1250,Whse_J,Category_019,6/5/2012,100
Product_1315,Whse_J,Category_019,6/5/2012,100
Product_1469,Whse_J,Category_019,6/5/2012,100
Product_1316,Whse_J,Category_019,6/5/2012,2000
Product_1315,Whse_J,Category_019,6/6/2012,200
Product_1430,Whse_J,Category_019,6/6/2012,200
Product_1469,Whse_J,Category_019,6/6/2012,100
Product_1315,Whse_J,Category_019,6/27/2012,200
Product_1430,Whse_J,Category_019,6/27/2012,700
Product_1469,Whse_J,Category_019,6/27/2012,200
Product_1286,Whse_J,Category_019,6/29/2012,1000
Product_1250,Whse_J,Category_019,7/5/2012,500
Product_1316,Whse_J,Category_019,7/5/2012,500
Product_1372,Whse_J,Category_019,7/5/2012,300
Product_1410,Whse_J,Category_019,7/5/2012,500
Product_1470,Whse_J,Category_019,7/5/2012,300
Product_1262,Whse_J,Category_019,7/10/2012,200
Product_1315,Whse_J,Category_019,7/10/2012,200
Product_1430,Whse_J,Category_019,7/10/2012,300
Product_1315,Whse_J,Category_019,7/27/2012,100
Product_1469,Whse_J,Category_019,7/27/2012,100
Product_1262,Whse_J,Category_019,7/11/2012,100
Product_1315,Whse_J,Category_019,7/11/2012,400
Product_1469,Whse_J,Category_019,7/12/2012,200
Product_1430,Whse_J,Category_019,7/30/2012,100
Product_1262,Whse_J,Category_019,7/27/2012,100
Product_1286,Whse_J,Category_019,7/12/2012,500
Product_1316,Whse_J,Category_019,7/13/2012,2000
Product_1262,Whse_J,Category_019,7/27/2012,200
Product_1430,Whse_J,Category_019,7/27/2012,200
Product_1371,Whse_J,Category_019,7/23/2012,200
Product_1250,Whse_J,Category_019,7/27/2012,100
Product_1316,Whse_J,Category_019,7/27/2012,100
Product_1250,Whse_J,Category_019,8/9/2012,200
Product_1410,Whse_J,Category_019,8/9/2012,200
Product_1316,Whse_J,Category_019,8/9/2012,300
Product_1372,Whse_J,Category_019,8/9/2012,200
Product_1470,Whse_J,Category_019,8/9/2012,100
Product_1250,Whse_J,Category_019,8/9/2012,100
Product_1372,Whse_J,Category_019,8/9/2012,100
Product_1410,Whse_J,Category_019,8/9/2012,100
Product_1250,Whse_J,Category_019,8/7/2012,200
Product_1316,Whse_J,Category_019,8/7/2012,200
Product_1470,Whse_J,Category_019,8/7/2012,100
Product_1372,Whse_J,Category_019,8/29/2012,200
Product_1410,Whse_J,Category_019,8/29/2012,200
Product_1470,Whse_J,Category_019,8/29/2012,100
Product_1250,Whse_J,Category_019,9/4/2012,100
Product_1250,Whse_J,Category_019,9/6/2012,100
Product_1410,Whse_J,Category_019,9/6/2012,100
Product_1316,Whse_J,Category_019,9/13/2012,100
Product_1410,Whse_J,Category_019,9/13/2012,100
Product_1316,Whse_J,Category_019,9/13/2012,400
Product_1410,Whse_J,Category_019,9/13/2012,200
Product_1470,Whse_J,Category_019,9/14/2012,200
Product_1262,Whse_J,Category_019,9/26/2012,500
Product_1315,Whse_J,Category_019,9/26/2012,500
Product_1316,Whse_J,Category_019,9/26/2012,200
Product_1315,Whse_J,Category_019,9/26/2012,200
Product_1250,Whse_J,Category_019,9/26/2012,200
Product_1316,Whse_J,Category_019,9/26/2012,100
Product_1372,Whse_J,Category_019,9/26/2012,100
Product_1410,Whse_J,Category_019,9/26/2012,100
Product_1316,Whse_J,Category_019,9/28/2012,100
Product_1316,Whse_J,Category_019,11/1/2012,100
Product_1410,Whse_J,Category_019,11/1/2012,100
Product_1410,Whse_J,Category_019,11/6/2012,100
Product_1470,Whse_J,Category_019,11/6/2012,100
Product_1470,Whse_J,Category_019,11/30/2012,100
Product_1250,Whse_J,Category_019,12/5/2012,300
Product_1316,Whse_J,Category_019,12/5/2012,100
Product_1250,Whse_J,Category_019,12/10/2012,100
Product_1316,Whse_J,Category_019,12/10/2012,100
Product_1250,Whse_J,Category_019,12/26/2012,300
Product_1372,Whse_J,Category_019,12/26/2012,200
Product_1410,Whse_J,Category_019,12/26/2012,200
Product_1470,Whse_J,Category_019,12/26/2012,200
Product_1316,Whse_J,Category_019,12/26/2012,400
Product_1410,Whse_J,Category_019,12/26/2012,200
Product_1250,Whse_J,Category_019,12/27/2012,100
Product_1316,Whse_J,Category_019,12/27/2012,100
Product_1410,Whse_J,Category_019,3/26/2012,1000
Product_1489,Whse_J,Category_019,8/24/2012,1000
Product_1400,Whse_J,Category_019,10/3/2012,1000
Product_1357,Whse_J,Category_019,10/16/2012,1000
Product_1357,Whse_J,Category_019,10/31/2012,2000
Product_1400,Whse_J,Category_019,11/7/2012,2000
Product_1489,Whse_J,Category_019,11/13/2012,1000
Product_0113,Whse_J,Category_006,4/11/2012,10000
Product_1274,Whse_J,Category_019,1/26/2012,2000
Product_1286,Whse_J,Category_019,1/6/2012,3000
Product_1294,Whse_J,Category_019,1/6/2012,2000
Product_1274,Whse_J,Category_019,1/10/2012,4000
Product_1274,Whse_J,Category_019,1/26/2012,2000
Product_1274,Whse_J,Category_019,2/27/2012,2000
Product_1377,Whse_J,Category_019,2/28/2012,2000
Product_1452,Whse_J,Category_019,2/28/2012,1000
Product_1286,Whse_J,Category_019,3/14/2012,1000
Product_1286,Whse_J,Category_019,4/5/2012,2000
Product_1294,Whse_J,Category_019,4/5/2012,2000
Product_1286,Whse_J,Category_019,5/7/2012,2000
Product_1286,Whse_J,Category_019,5/29/2012,2000
Product_1286,Whse_J,Category_019,6/8/2012,2000
Product_1294,Whse_J,Category_019,6/8/2012,2000
Product_1274,Whse_J,Category_019,7/3/2012,2000
Product_1294,Whse_J,Category_019,7/13/2012,1000
Product_1377,Whse_J,Category_019,7/13/2012,1000
Product_1452,Whse_J,Category_019,7/13/2012,1000
Product_1274,Whse_J,Category_019,8/3/2012,1000
Product_1274,Whse_J,Category_019,8/29/2012,2000
Product_1286,Whse_J,Category_019,9/24/2012,3000
Product_1294,Whse_J,Category_019,9/24/2012,1000
Product_1274,Whse_J,Category_019,10/29/2012,2000
Product_1286,Whse_J,Category_019,12/21/2012,2000
Product_1377,Whse_J,Category_019,12/21/2012,1000
Product_1381,Whse_J,Category_019,12/21/2012,1000
Product_1274,Whse_J,Category_019,12/25/2012,1000
Product_1361,Whse_J,Category_033,3/14/2012,20000
Product_1361,Whse_J,Category_033,6/22/2012,10000
Product_1361,Whse_J,Category_033,9/19/2012,10000
Product_1361,Whse_J,Category_033,10/11/2012,10000
Product_1361,Whse_J,Category_033,12/6/2012,10000
Product_1158,Whse_J,Category_006,5/8/2012,20000
Product_1160,Whse_J,Category_006,12/4/2012,8000
Product_1160,Whse_J,Category_006,12/4/2012,2000
Product_1149,Whse_J,Category_006,7/25/2012,15000
Product_1149,Whse_J,Category_006,8/22/2012,10000
Product_1149,Whse_J,Category_006,9/20/2012,10000
Product_1149,Whse_J,Category_006,10/1/2012,10000
Product_1149,Whse_J,Category_006,10/22/2012,15000
Product_1149,Whse_J,Category_006,12/21/2012,20000
Product_1160,Whse_J,Category_006,1/17/2012,4000
Product_1158,Whse_J,Category_006,1/18/2012,10000
Product_1149,Whse_J,Category_006,2/16/2012,5000
Product_1149,Whse_J,Category_006,2/9/2012,20000
Product_1158,Whse_J,Category_006,2/10/2012,20000
Product_1160,Whse_J,Category_006,2/27/2012,4000
Product_1149,Whse_J,Category_006,3/12/2012,20000
Product_1147,Whse_J,Category_006,4/9/2012,5000
Product_1147,Whse_J,Category_006,5/7/2012,40000
Product_1147,Whse_J,Category_006,5/7/2012,10000
Product_1147,Whse_J,Category_006,5/17/2012,10000
Product_1147,Whse_J,Category_006,5/17/2012,5000
Product_1152,Whse_J,Category_006,6/13/2012,5000
Product_1149,Whse_J,Category_006,5/31/2012,10000
Product_1158,Whse_J,Category_006,5/31/2012,20000
Product_1160,Whse_J,Category_006,5/31/2012,4000
Product_1149,Whse_J,Category_006,6/5/2012,10000
Product_1149,Whse_J,Category_006,6/7/2012,5000
Product_1147,Whse_J,Category_006,6/8/2012,40000
Product_1149,Whse_J,Category_006,6/18/2012,15000
Product_1149,Whse_J,Category_006,7/3/2012,10000
Product_1149,Whse_J,Category_006,7/5/2012,5000
Product_1147,Whse_J,Category_006,7/10/2012,20000
Product_1158,Whse_J,Category_006,7/24/2012,20000
Product_1149,Whse_J,Category_006,7/25/2012,5000
Product_1147,Whse_J,Category_006,8/9/2012,10000
Product_1149,Whse_J,Category_006,8/31/2012,5000
Product_1160,Whse_J,Category_006,9/12/2012,4000
Product_1149,Whse_J,Category_006,10/5/2012,5000
Product_1149,Whse_J,Category_006,10/29/2012,5000
Product_1158,Whse_J,Category_006,10/29/2012,10000
Product_1152,Whse_J,Category_006,11/29/2012,5000
Product_1158,Whse_J,Category_006,11/30/2012,10000
Product_1149,Whse_J,Category_006,12/6/2012,20000
Product_1359,Whse_J,Category_019,1/12/2012,84000
Product_1359,Whse_J,Category_019,1/20/2012,1000
Product_1359,Whse_J,Category_019,2/3/2012,1000
Product_1359,Whse_J,Category_019,2/7/2012,15000
Product_1359,Whse_J,Category_019,2/8/2012,1000
Product_1359,Whse_J,Category_019,2/17/2012,1000
Product_1359,Whse_J,Category_019,5/7/2012,30000
Product_1359,Whse_J,Category_019,6/6/2012,1000
Product_1359,Whse_J,Category_019,6/8/2012,10000
Product_1359,Whse_J,Category_019,7/10/2012,28000
Product_1359,Whse_J,Category_019,8/23/2012,5000
Product_1359,Whse_J,Category_019,9/10/2012,10000
Product_1359,Whse_J,Category_019,9/24/2012,6000
Product_1359,Whse_J,Category_019,9/25/2012,1000
Product_1359,Whse_J,Category_019,10/12/2012,21000
Product_1359,Whse_J,Category_019,10/17/2012,2000
Product_1359,Whse_J,Category_019,11/14/2012,5000
Product_1149,Whse_J,Category_006,3/22/2012,30000
Product_1149,Whse_J,Category_006,10/12/2012,15000
Product_1149,Whse_J,Category_006,12/10/2012,5000
Product_0940,Whse_J,Category_005,1/13/2012,2000
Product_0940,Whse_J,Category_005,2/13/2012,1000
Product_0940,Whse_J,Category_005,2/14/2012,1000
Product_0940,Whse_J,Category_005,3/13/2012,2000
Product_0940,Whse_J,Category_005,4/11/2012,1000
Product_0940,Whse_J,Category_005,5/8/2012,1000
Product_0940,Whse_J,Category_005,6/6/2012,1000
Product_0940,Whse_J,Category_005,7/5/2012,1000
Product_0940,Whse_J,Category_005,7/5/2012,1000
Product_0940,Whse_J,Category_005,8/1/2012,1000
Product_0940,Whse_J,Category_005,8/27/2012,2000
Product_0940,Whse_J,Category_005,9/28/2012,1000
Product_0940,Whse_J,Category_005,10/30/2012,1000
Product_0940,Whse_J,Category_005,11/28/2012,2000
Product_0940,Whse_J,Category_005,12/27/2012,2000
Product_0664,Whse_J,Category_011,1/6/2012,30
Product_0664,Whse_J,Category_011,2/22/2012,40
Product_0664,Whse_J,Category_011,6/6/2012,20
Product_0664,Whse_J,Category_011,7/5/2012,30
Product_0664,Whse_J,Category_011,9/26/2012,2
Product_1632,Whse_J,Category_019,9/18/2012,1000
Product_1359,Whse_J,Category_019,6/5/2012,1000
Product_1359,Whse_J,Category_019,8/2/2012,1000
Product_1359,Whse_J,Category_019,8/30/2012,3000
Product_1359,Whse_J,Category_019,11/16/2012,50000
Product_0931,Whse_J,Category_006,2/13/2012,5000
Product_1312,Whse_J,Category_019,2/14/2012,1000
Product_1312,Whse_J,Category_019,3/9/2012,200
Product_1312,Whse_J,Category_019,6/7/2012,100
Product_1312,Whse_J,Category_019,7/20/2012,100
Product_1312,Whse_J,Category_019,9/12/2012,100
Product_1312,Whse_J,Category_019,10/29/2012,500
Product_1312,Whse_J,Category_019,12/4/2012,1000
Product_1312,Whse_J,Category_019,12/10/2012,200
Product_1312,Whse_J,Category_019,12/13/2012,1000
Product_0931,Whse_J,Category_006,3/28/2012,5000
Product_0613,Whse_J,Category_001,9/28/2012,1
Product_1938,Whse_J,Category_001,12/12/2012,3
Product_2001,Whse_J,Category_005,1/31/2012,100
Product_2001,Whse_J,Category_005,3/2/2012,100
Product_2010,Whse_J,Category_005,3/2/2012,300
Product_2010,Whse_J,Category_005,3/15/2012,400
Product_2010,Whse_J,Category_005,3/19/2012,500
Product_2010,Whse_J,Category_005,6/5/2012,400
Product_2001,Whse_J,Category_005,7/11/2012,100
Product_2010,Whse_J,Category_005,7/11/2012,100
Product_1970,Whse_J,Category_005,9/11/2012,1000
Product_2010,Whse_J,Category_005,9/12/2012,300
Product_1818,Whse_J,Category_006,1/12/2012,30000
Product_1818,Whse_J,Category_006,1/30/2012,50000
Product_1841,Whse_J,Category_006,1/30/2012,30000
Product_1818,Whse_J,Category_006,3/7/2012,40000
Product_1818,Whse_J,Category_006,3/7/2012,10000
Product_1841,Whse_J,Category_006,3/7/2012,12000
Product_1841,Whse_J,Category_006,3/7/2012,8000
Product_1818,Whse_J,Category_006,4/1/2012,50000
Product_1841,Whse_J,Category_006,5/21/2012,1000
Product_1841,Whse_J,Category_006,6/7/2012,1000
Product_1818,Whse_J,Category_006,6/8/2012,50000
Product_1841,Whse_J,Category_006,6/26/2012,1000
Product_1841,Whse_J,Category_006,6/27/2012,1000
Product_1818,Whse_J,Category_006,9/28/2012,10000
Product_1818,Whse_J,Category_006,10/1/2012,10000
Product_1818,Whse_J,Category_006,11/13/2012,10000
Product_1818,Whse_J,Category_006,12/17/2012,10000
Product_1316,Whse_J,Category_019,2/14/2012,3000
Product_1312,Whse_J,Category_019,3/2/2012,100
Product_1427,Whse_J,Category_019,3/2/2012,600
Product_1427,Whse_J,Category_019,3/7/2012,2000
Product_1427,Whse_J,Category_019,3/15/2012,500
Product_1312,Whse_J,Category_019,3/26/2012,2000
Product_1316,Whse_J,Category_019,5/11/2012,4000
Product_1350,Whse_J,Category_019,5/24/2012,1000
Product_1427,Whse_J,Category_019,6/5/2012,700
Product_1427,Whse_J,Category_019,6/7/2012,100
Product_1312,Whse_J,Category_019,6/20/2012,1000
Product_1316,Whse_J,Category_019,6/20/2012,4000
Product_1427,Whse_J,Category_019,6/20/2012,1000
Product_1316,Whse_J,Category_019,6/20/2012,100
Product_1427,Whse_J,Category_019,7/11/2012,200
Product_1427,Whse_J,Category_019,7/20/2012,100
Product_1316,Whse_J,Category_019,9/18/2012,300
Product_1513,Whse_J,Category_019,9/18/2012,200
Product_1359,Whse_J,Category_019,9/11/2012,1000
Product_1316,Whse_J,Category_019,9/11/2012,100
Product_1427,Whse_J,Category_019,9/12/2012,700
Product_1350,Whse_J,Category_019,9/28/2012,1000
Product_1427,Whse_J,Category_019,10/29/2012,500
Product_1316,Whse_J,Category_019,10/29/2012,2000
Product_1427,Whse_J,Category_019,12/4/2012,1000
Product_1316,Whse_J,Category_019,12/14/2012,4000
Product_1763,Whse_J,Category_001,1/5/2012,1
Product_1763,Whse_J,Category_001,2/9/2012,7
Product_1763,Whse_J,Category_001,2/16/2012,7
Product_1763,Whse_J,Category_001,7/18/2012,1
Product_1763,Whse_J,Category_001,9/28/2012,1
Product_1996,Whse_J,Category_019,6/20/2012,100
Product_1996,Whse_J,Category_019,7/26/2012,200
Product_1996,Whse_J,Category_019,8/16/2012,100
Product_1996,Whse_J,Category_019,8/22/2012,100
Product_1996,Whse_J,Category_019,10/5/2012,200
Product_1996,Whse_J,Category_019,10/26/2012,200
Product_2006,Whse_J,Category_005,5/28/2012,1000
Product_2006,Whse_J,Category_005,7/31/2012,1000
Product_2006,Whse_J,Category_005,3/8/2012,500
Product_2006,Whse_J,Category_005,2/14/2012,1000
Product_1286,Whse_J,Category_019,2/16/2012,5000
Product_1286,Whse_J,Category_019,3/19/2012,2000
Product_1286,Whse_J,Category_019,4/20/2012,7000
Product_1286,Whse_J,Category_019,6/19/2012,2000
Product_1286,Whse_J,Category_019,6/21/2012,5000
Product_1286,Whse_J,Category_019,7/18/2012,2000
Product_1286,Whse_J,Category_019,8/2/2012,2000
Product_1286,Whse_J,Category_019,11/19/2012,2000
Product_1286,Whse_J,Category_019,12/6/2012,2000
Product_0981,Whse_J,Category_028,2/1/2012,50
Product_0984,Whse_J,Category_028,2/24/2012,100
Product_0981,Whse_J,Category_028,6/6/2012,150
Product_0984,Whse_J,Category_028,6/6/2012,200
Product_0984,Whse_J,Category_028,7/31/2012,100
Product_1160,Whse_J,Category_006,10/5/2012,1000
Product_1451,Whse_J,Category_019,6/28/2012,10000
Product_1360,Whse_J,Category_019,7/25/2012,20000
Product_0469,Whse_J,Category_005,2/1/2012,1200
Product_0469,Whse_J,Category_005,2/1/2012,800
Product_0033,Whse_J,Category_005,2/6/2012,2000
Product_0033,Whse_J,Category_005,2/28/2012,3000
Product_0033,Whse_J,Category_005,3/30/2012,3000
Product_0033,Whse_J,Category_005,5/22/2012,2000
Product_0011,Whse_J,Category_005,5/25/2012,3000
Product_0033,Whse_J,Category_005,6/5/2012,3000
Product_0011,Whse_J,Category_005,10/15/2012,3000
Product_0469,Whse_J,Category_005,10/17/2012,1000
Product_0033,Whse_J,Category_005,11/1/2012,3000
Product_0033,Whse_J,Category_005,12/17/2012,3000
Product_1360,Whse_J,Category_019,1/30/2012,20000
Product_1360,Whse_J,Category_019,2/28/2012,20000
Product_1360,Whse_J,Category_019,2/21/2012,20000
Product_1359,Whse_J,Category_019,3/9/2012,1000
Product_1360,Whse_J,Category_019,4/27/2012,20000
Product_1360,Whse_J,Category_019,6/13/2012,20000
Product_1360,Whse_J,Category_019,9/10/2012,20000
Product_1360,Whse_J,Category_019,10/4/2012,20000
Product_1360,Whse_J,Category_019,11/1/2012,20000
Product_1360,Whse_J,Category_019,11/21/2012,20000
Product_1360,Whse_J,Category_019,12/21/2012,20000
Product_1973,Whse_J,Category_005,2/27/2012,5000
Product_1973,Whse_J,Category_005,7/6/2012,5000
Product_1316,Whse_J,Category_019,3/2/2012,100
Product_1316,Whse_J,Category_019,11/7/2012,100
Product_1316,Whse_J,Category_019,11/21/2012,300
Product_1264,Whse_J,Category_019,1/5/2012,5000
Product_1360,Whse_J,Category_019,1/5/2012,10000
Product_1432,Whse_J,Category_019,1/5/2012,5000
Product_1360,Whse_J,Category_019,2/10/2012,5000
Product_1264,Whse_J,Category_019,2/7/2012,4000
Product_1360,Whse_J,Category_019,2/7/2012,5000
Product_1432,Whse_J,Category_019,2/7/2012,5000
Product_1264,Whse_J,Category_019,2/29/2012,3000
Product_1360,Whse_J,Category_019,2/29/2012,10000
Product_1432,Whse_J,Category_019,2/29/2012,5000
Product_1360,Whse_J,Category_019,3/6/2012,10000
Product_1264,Whse_J,Category_019,3/30/2012,7000
Product_1360,Whse_J,Category_019,3/30/2012,10000
Product_1432,Whse_J,Category_019,3/30/2012,7000
Product_1264,Whse_J,Category_019,4/6/2012,5000
Product_1432,Whse_J,Category_019,4/6/2012,5000
Product_1264,Whse_J,Category_019,5/2/2012,4000
Product_1432,Whse_J,Category_019,5/2/2012,7000
Product_1360,Whse_J,Category_019,5/10/2012,10000
Product_1264,Whse_J,Category_019,5/24/2012,8000
Product_1360,Whse_J,Category_019,5/24/2012,15000
Product_1432,Whse_J,Category_019,5/24/2012,10000
Product_1360,Whse_J,Category_019,6/19/2012,10000
Product_1264,Whse_J,Category_019,7/11/2012,5000
Product_1432,Whse_J,Category_019,7/11/2012,6000
Product_1360,Whse_J,Category_019,7/24/2012,10000
Product_1264,Whse_J,Category_019,8/23/2012,7000
Product_1432,Whse_J,Category_019,8/23/2012,10000
Product_1264,Whse_J,Category_019,9/18/2012,3000
Product_1360,Whse_J,Category_019,9/18/2012,10000
Product_1432,Whse_J,Category_019,9/18/2012,3000
Product_1264,Whse_J,Category_019,10/31/2012,2000
Product_1264,Whse_J,Category_019,11/5/2012,1000
Product_1360,Whse_J,Category_019,11/5/2012,4000
Product_1432,Whse_J,Category_019,11/5/2012,3000
Product_1360,Whse_J,Category_019,11/19/2012,3000
Product_1264,Whse_J,Category_019,11/30/2012,3000
Product_1360,Whse_J,Category_019,11/30/2012,5000
Product_1432,Whse_J,Category_019,11/30/2012,5000
Product_1264,Whse_J,Category_019,12/6/2012,1000
Product_1360,Whse_J,Category_019,12/6/2012,3000
Product_1264,Whse_J,Category_019,12/27/2012,3000
Product_1360,Whse_J,Category_019,12/27/2012,8000
Product_1432,Whse_J,Category_019,12/27/2012,4000
Product_1360,Whse_J,Category_019,12/27/2012,5000
Product_0664,Whse_J,Category_011,1/13/2012,20
Product_0187,Whse_J,Category_007,4/12/2012,50
Product_2039,Whse_J,Category_011,12/5/2012,3
Product_1023,Whse_J,Category_007,12/20/2012,200
Product_2039,Whse_J,Category_011,1/17/2012,2
Product_0664,Whse_J,Category_011,2/1/2012,20
Product_2039,Whse_J,Category_011,2/8/2012,2
Product_0315,Whse_J,Category_011,2/29/2012,80
Product_0317,Whse_J,Category_011,2/29/2012,80
Product_2039,Whse_J,Category_011,2/23/2012,2
Product_0317,Whse_J,Category_011,3/1/2012,16
Product_2039,Whse_J,Category_011,3/6/2012,2
Product_0670,Whse_J,Category_011,3/7/2012,20
Product_2039,Whse_J,Category_011,3/8/2012,2
Product_0664,Whse_J,Category_011,3/15/2012,40
Product_0317,Whse_J,Category_011,3/30/2012,16
Product_2039,Whse_J,Category_011,4/2/2012,2
Product_0664,Whse_J,Category_011,4/2/2012,30
Product_2039,Whse_J,Category_011,4/16/2012,2
Product_0317,Whse_J,Category_011,5/2/2012,16
Product_0664,Whse_J,Category_011,5/7/2012,30
Product_0317,Whse_J,Category_011,5/9/2012,32
Product_0670,Whse_J,Category_011,5/9/2012,20
Product_0317,Whse_J,Category_011,5/10/2012,16
Product_2039,Whse_J,Category_011,5/14/2012,2
Product_2039,Whse_J,Category_011,7/25/2012,2
Product_0664,Whse_J,Category_011,8/7/2012,30
Product_2039,Whse_J,Category_011,8/22/2012,2
Product_0664,Whse_J,Category_011,9/5/2012,20
Product_2039,Whse_J,Category_011,9/21/2012,2
Product_2039,Whse_J,Category_011,9/24/2012,2
Product_0670,Whse_J,Category_011,10/1/2012,20
Product_0664,Whse_J,Category_011,10/2/2012,10
Product_0317,Whse_J,Category_011,10/10/2012,16
Product_0664,Whse_J,Category_011,10/18/2012,10
Product_2039,Whse_J,Category_011,10/26/2012,2
Product_0664,Whse_J,Category_011,11/1/2012,20
Product_0315,Whse_J,Category_011,11/9/2012,24
Product_0670,Whse_J,Category_011,11/15/2012,10
Product_0664,Whse_J,Category_011,11/20/2012,10
Product_0664,Whse_J,Category_011,11/26/2012,10
Product_2039,Whse_J,Category_011,11/28/2012,2
Product_0317,Whse_J,Category_011,11/30/2012,8
Product_0664,Whse_J,Category_011,12/3/2012,40
Product_0314,Whse_J,Category_011,12/13/2012,24
Product_0670,Whse_J,Category_011,12/27/2012,10
Product_0102,Whse_J,Category_015,6/6/2012,4
Product_0102,Whse_J,Category_015,6/6/2012,6
Product_0102,Whse_J,Category_015,10/11/2012,10
Product_0102,Whse_J,Category_015,11/2/2012,7
Product_1023,Whse_J,Category_007,2/28/2012,300
Product_1023,Whse_J,Category_007,1/31/2012,1000
Product_1023,Whse_J,Category_007,1/11/2012,200
Product_0223,Whse_J,Category_007,1/18/2012,10
Product_1023,Whse_J,Category_007,1/24/2012,100
Product_1886,Whse_J,Category_007,1/25/2012,500
Product_1017,Whse_J,Category_007,1/27/2012,500
Product_0179,Whse_J,Category_007,1/30/2012,5
Product_1886,Whse_J,Category_007,2/2/2012,500
Product_0215,Whse_J,Category_007,2/3/2012,5
Product_1023,Whse_J,Category_007,2/6/2012,200
Product_1886,Whse_J,Category_007,2/7/2012,500
Product_0183,Whse_J,Category_007,2/8/2012,10
Product_0178,Whse_J,Category_007,2/15/2012,100
Product_1886,Whse_J,Category_007,2/16/2012,500
Product_1023,Whse_J,Category_007,2/17/2012,100
Product_1023,Whse_J,Category_007,2/28/2012,200
Product_0215,Whse_J,Category_007,3/1/2012,3
Product_1023,Whse_J,Category_007,3/2/2012,100
Product_0178,Whse_J,Category_007,3/6/2012,10
Product_0178,Whse_J,Category_007,3/7/2012,60
Product_1023,Whse_J,Category_007,3/9/2012,100
Product_1886,Whse_J,Category_007,3/15/2012,500
Product_0178,Whse_J,Category_007,3/16/2012,100
Product_0178,Whse_J,Category_007,3/19/2012,150
Product_1023,Whse_J,Category_007,3/21/2012,200
Product_1023,Whse_J,Category_007,4/1/2012,200
Product_0178,Whse_J,Category_007,3/30/2012,5
Product_1023,Whse_J,Category_007,4/19/2012,100
Product_0183,Whse_J,Category_007,3/30/2012,10
Product_1023,Whse_J,Category_007,4/5/2012,100
Product_1023,Whse_J,Category_007,4/4/2012,400
Product_1025,Whse_J,Category_007,4/6/2012,51
Product_1017,Whse_J,Category_007,4/6/2012,500
Product_1886,Whse_J,Category_007,4/9/2012,500
Product_0216,Whse_J,Category_007,4/12/2012,2
Product_1023,Whse_J,Category_007,4/13/2012,100
Product_0178,Whse_J,Category_007,4/17/2012,10
Product_0179,Whse_J,Category_007,4/17/2012,10
Product_1886,Whse_J,Category_007,5/1/2012,1000
Product_0178,Whse_J,Category_007,4/27/2012,95
Product_0223,Whse_J,Category_007,5/7/2012,10
Product_0183,Whse_J,Category_007,5/8/2012,10
Product_1023,Whse_J,Category_007,5/11/2012,1300
Product_1023,Whse_J,Category_007,5/15/2012,100
Product_1023,Whse_J,Category_007,5/29/2012,100
Product_1023,Whse_J,Category_007,5/15/2012,200
Product_1025,Whse_J,Category_007,5/18/2012,10
Product_1025,Whse_J,Category_007,5/18/2012,40
Product_1023,Whse_J,Category_007,5/24/2012,200
Product_1886,Whse_J,Category_007,6/1/2012,500
Product_1017,Whse_J,Category_007,5/31/2012,500
Product_1023,Whse_J,Category_007,6/3/2012,200
Product_1023,Whse_J,Category_007,5/31/2012,300
Product_0178,Whse_J,Category_007,6/4/2012,150
Product_0178,Whse_J,Category_007,6/3/2012,100
Product_1023,Whse_J,Category_007,6/5/2012,200
Product_1025,Whse_J,Category_007,6/8/2012,1
Product_0178,Whse_J,Category_007,6/19/2012,5
Product_1023,Whse_J,Category_007,6/20/2012,100
Product_1886,Whse_J,Category_007,7/2/2012,1000
Product_1023,Whse_J,Category_007,6/25/2012,200
Product_0178,Whse_J,Category_007,7/9/2012,100
Product_1023,Whse_J,Category_007,7/11/2012,200
Product_1023,Whse_J,Category_007,7/23/2012,100
Product_1023,Whse_J,Category_007,7/18/2012,200
Product_1025,Whse_J,Category_007,8/2/2012,10
Product_1025,Whse_J,Category_007,8/2/2012,40
Product_1023,Whse_J,Category_007,7/24/2012,300
Product_1886,Whse_J,Category_007,7/25/2012,1000
Product_1016,Whse_J,Category_007,7/26/2012,10000
Product_1016,Whse_J,Category_007,7/26/2012,40000
Product_0223,Whse_J,Category_007,7/26/2012,3
Product_1023,Whse_J,Category_007,7/27/2012,100
Product_1023,Whse_J,Category_007,7/30/2012,200
Product_1023,Whse_J,Category_007,8/1/2012,100
Product_0178,Whse_J,Category_007,8/2/2012,10
Product_1023,Whse_J,Category_007,10/3/2012,100
Product_0178,Whse_J,Category_007,8/9/2012,5
Product_1023,Whse_J,Category_007,8/23/2012,200
Product_1023,Whse_J,Category_007,8/24/2012,100
Product_1017,Whse_J,Category_007,8/27/2012,500
Product_1023,Whse_J,Category_007,8/27/2012,100
Product_1023,Whse_J,Category_007,9/3/2012,100
Product_1023,Whse_J,Category_007,8/31/2012,200
Product_0223,Whse_J,Category_007,9/4/2012,10
Product_0178,Whse_J,Category_007,9/5/2012,100
Product_1023,Whse_J,Category_007,9/5/2012,100
Product_0183,Whse_J,Category_007,9/5/2012,5
Product_1018,Whse_J,Category_007,9/6/2012,1000
Product_1886,Whse_J,Category_007,9/6/2012,500
Product_1023,Whse_J,Category_007,9/28/2012,100
Product_1886,Whse_J,Category_007,9/10/2012,500
Product_0178,Whse_J,Category_007,9/14/2012,100
Product_1023,Whse_J,Category_007,9/19/2012,200
Product_1023,Whse_J,Category_007,9/19/2012,100
Product_1017,Whse_J,Category_007,9/21/2012,50
Product_1023,Whse_J,Category_007,10/10/2012,100
Product_1886,Whse_J,Category_007,9/25/2012,500
Product_1023,Whse_J,Category_007,9/28/2012,200
Product_0178,Whse_J,Category_007,9/27/2012,24
Product_1023,Whse_J,Category_007,10/10/2012,100
Product_1025,Whse_J,Category_007,10/2/2012,50
Product_1023,Whse_J,Category_007,10/5/2012,200
Product_1886,Whse_J,Category_007,10/11/2012,500
Product_0178,Whse_J,Category_007,10/12/2012,100
Product_1023,Whse_J,Category_007,10/12/2012,100
Product_0178,Whse_J,Category_007,10/17/2012,5
Product_1023,Whse_J,Category_007,10/18/2012,100
Product_0178,Whse_J,Category_007,10/19/2012,100
Product_0178,Whse_J,Category_007,10/30/2012,100
Product_1023,Whse_J,Category_007,10/26/2012,100
Product_1017,Whse_J,Category_007,10/25/2012,450
Product_1023,Whse_J,Category_007,10/26/2012,200
Product_1023,Whse_J,Category_007,11/2/2012,200
Product_0183,Whse_J,Category_007,11/2/2012,5
Product_0223,Whse_J,Category_007,11/2/2012,5
Product_0178,Whse_J,Category_007,11/8/2012,3
Product_1025,Whse_J,Category_007,11/8/2012,50
Product_0183,Whse_J,Category_007,11/9/2012,5
Product_1023,Whse_J,Category_007,11/12/2012,200
Product_1023,Whse_J,Category_007,11/12/2012,100
Product_0219,Whse_J,Category_007,11/15/2012,2
Product_1023,Whse_J,Category_007,11/16/2012,100
Product_1017,Whse_J,Category_007,11/16/2012,500
Product_0214,Whse_J,Category_007,11/19/2012,20
Product_1023,Whse_J,Category_007,11/20/2012,200
Product_0178,Whse_J,Category_007,11/26/2012,200
Product_1023,Whse_J,Category_007,12/3/2012,100
Product_1886,Whse_J,Category_007,12/3/2012,1000
Product_0183,Whse_J,Category_007,12/13/2012,64
Product_0185,Whse_J,Category_007,12/13/2012,8
Product_0178,Whse_J,Category_007,12/14/2012,100
Product_1023,Whse_J,Category_007,12/14/2012,200
Product_0178,Whse_J,Category_007,12/17/2012,64
Product_1023,Whse_J,Category_007,12/19/2012,200
Product_1886,Whse_J,Category_007,12/21/2012,1000
Product_0344,Whse_J,Category_021,3/7/2012,1
Product_0345,Whse_J,Category_021,3/7/2012,1
Product_0344,Whse_J,Category_021,9/27/2012,1
Product_0345,Whse_J,Category_021,11/29/2012,2
Product_0308,Whse_J,Category_024,2/29/2012,15
Product_0308,Whse_J,Category_024,7/2/2012,1
Product_0308,Whse_J,Category_024,7/31/2012,8
Product_0308,Whse_J,Category_024,11/2/2012,2
Product_0308,Whse_J,Category_024,12/12/2012,6
Product_0616,Whse_J,Category_001,2/1/2012,1
Product_0623,Whse_J,Category_001,1/23/2012,1
Product_0623,Whse_J,Category_001,3/22/2012,1
Product_0623,Whse_J,Category_001,3/23/2012,1
Product_0616,Whse_J,Category_001,4/5/2012,1
Product_0623,Whse_J,Category_001,4/3/2012,1
Product_0623,Whse_J,Category_001,4/17/2012,1
Product_0616,Whse_J,Category_001,5/11/2012,1
Product_0616,Whse_J,Category_001,6/21/2012,1
Product_0623,Whse_J,Category_001,5/31/2012,1
Product_0623,Whse_J,Category_001,6/27/2012,1
Product_0616,Whse_J,Category_001,7/12/2012,1
Product_0623,Whse_J,Category_001,7/12/2012,1
Product_0623,Whse_J,Category_001,7/20/2012,1
Product_0623,Whse_J,Category_001,8/7/2012,1
Product_0616,Whse_J,Category_001,8/1/2012,1
Product_0623,Whse_J,Category_001,8/6/2012,1
Product_0616,Whse_J,Category_001,10/15/2012,1
Product_0623,Whse_J,Category_001,11/15/2012,1
Product_0623,Whse_J,Category_001,12/10/2012,1
Product_1991,Whse_J,Category_005,1/12/2012,5000
Product_0012,Whse_J,Category_005,1/16/2012,1000
Product_2027,Whse_J,Category_005,1/23/2012,5000
Product_0358,Whse_J,Category_005,1/26/2012,1000
Product_0033,Whse_J,Category_005,2/2/2012,5000
Product_0012,Whse_J,Category_005,2/7/2012,5000
Product_0027,Whse_J,Category_005,2/29/2012,2000
Product_0012,Whse_J,Category_005,3/7/2012,1000
Product_0033,Whse_J,Category_005,3/29/2012,5000
Product_1991,Whse_J,Category_005,4/3/2012,5000
Product_0012,Whse_J,Category_005,5/31/2012,5000
Product_0033,Whse_J,Category_005,6/19/2012,5000
Product_0033,Whse_J,Category_005,6/20/2012,5000
Product_1973,Whse_J,Category_005,6/25/2012,100
Product_2027,Whse_J,Category_005,6/25/2012,100
Product_0012,Whse_J,Category_005,6/29/2012,1000
Product_0012,Whse_J,Category_005,7/2/2012,1000
Product_2024,Whse_J,Category_005,7/5/2012,500
Product_0027,Whse_J,Category_005,7/10/2012,1000
Product_0012,Whse_J,Category_005,7/19/2012,5000
Product_1991,Whse_J,Category_005,7/20/2012,5000
Product_2027,Whse_J,Category_005,7/20/2012,5000
Product_0012,Whse_J,Category_005,8/9/2012,1000
Product_0033,Whse_J,Category_005,9/3/2012,5000
Product_2024,Whse_J,Category_005,9/10/2012,500
Product_0012,Whse_J,Category_005,9/18/2012,1000
Product_0018,Whse_J,Category_005,10/5/2012,500
Product_0033,Whse_J,Category_005,10/10/2012,5000
Product_0012,Whse_J,Category_005,11/8/2012,1000
Product_2010,Whse_J,Category_005,10/23/2012,1000
Product_2024,Whse_J,Category_005,11/5/2012,1000
Product_0358,Whse_J,Category_005,11/5/2012,1000
Product_0012,Whse_J,Category_005,11/7/2012,1000
Product_1991,Whse_J,Category_005,11/15/2012,5000
Product_0012,Whse_J,Category_005,11/28/2012,5000
Product_0033,Whse_J,Category_005,12/3/2012,5000
Product_2010,Whse_J,Category_005,12/6/2012,1000
Product_2043,Whse_J,Category_019,1/6/2012,30000
Product_2047,Whse_J,Category_019,1/6/2012,10000
Product_2048,Whse_J,Category_019,1/6/2012,10000
Product_2045,Whse_J,Category_019,1/10/2012,10000
Product_2042,Whse_J,Category_019,1/12/2012,50000
Product_2044,Whse_J,Category_019,1/12/2012,20000
Product_2043,Whse_J,Category_019,1/13/2012,30000
Product_2044,Whse_J,Category_019,1/16/2012,20000
Product_2045,Whse_J,Category_019,1/19/2012,10000
Product_1995,Whse_J,Category_019,1/23/2012,500
Product_1643,Whse_J,Category_019,1/27/2012,1000
Product_2046,Whse_J,Category_019,1/23/2012,10000
Product_2044,Whse_J,Category_019,1/26/2012,20000
Product_2046,Whse_J,Category_019,1/27/2012,20000
Product_2047,Whse_J,Category_019,1/27/2012,10000
Product_1995,Whse_J,Category_019,1/31/2012,500
Product_2043,Whse_J,Category_019,2/1/2012,30000
Product_2045,Whse_J,Category_019,2/1/2012,10000
Product_0639,Whse_J,Category_019,2/28/2012,50
Product_0639,Whse_J,Category_019,3/7/2012,50
Product_2042,Whse_J,Category_019,2/3/2012,50000
Product_2048,Whse_J,Category_019,2/7/2012,10000
Product_2044,Whse_J,Category_019,2/7/2012,35900
Product_2044,Whse_J,Category_019,2/7/2012,4100
Product_2046,Whse_J,Category_019,2/14/2012,10000
Product_2043,Whse_J,Category_019,2/17/2012,30000
Product_2045,Whse_J,Category_019,2/17/2012,10000
Product_2047,Whse_J,Category_019,2/17/2012,10000
Product_2042,Whse_J,Category_019,2/21/2012,50000
Product_2045,Whse_J,Category_019,2/24/2012,10000
Product_2044,Whse_J,Category_019,2/27/2012,40000
Product_2043,Whse_J,Category_019,2/28/2012,30000
Product_2048,Whse_J,Category_019,3/1/2012,10000
Product_2045,Whse_J,Category_019,3/1/2012,10000
Product_2046,Whse_J,Category_019,3/5/2012,10000
Product_2047,Whse_J,Category_019,3/5/2012,10000
Product_1995,Whse_J,Category_019,3/5/2012,400
Product_1643,Whse_J,Category_019,3/7/2012,1600
Product_1643,Whse_J,Category_019,3/7/2012,400
Product_2042,Whse_J,Category_019,3/9/2012,50000
Product_2045,Whse_J,Category_019,3/13/2012,10000
Product_2042,Whse_J,Category_019,3/15/2012,50000
Product_2046,Whse_J,Category_019,3/15/2012,10000
Product_1643,Whse_J,Category_019,4/6/2012,100
Product_2043,Whse_J,Category_019,3/21/2012,30000
Product_2046,Whse_J,Category_019,3/23/2012,10000
Product_2047,Whse_J,Category_019,3/23/2012,10000
Product_2045,Whse_J,Category_019,3/26/2012,10000
Product_2046,Whse_J,Category_019,3/27/2012,20000
Product_1996,Whse_J,Category_019,3/29/2012,100
Product_2044,Whse_J,Category_019,3/29/2012,20000
Product_2045,Whse_J,Category_019,4/3/2012,10000
Product_2048,Whse_J,Category_019,4/3/2012,10000
Product_2042,Whse_J,Category_019,4/5/2012,50000
Product_2043,Whse_J,Category_019,4/9/2012,30000
Product_2045,Whse_J,Category_019,4/10/2012,10000
Product_2047,Whse_J,Category_019,4/10/2012,10000
Product_2044,Whse_J,Category_019,4/13/2012,20000
Product_2043,Whse_J,Category_019,4/19/2012,30000
Product_2046,Whse_J,Category_019,4/19/2012,5300
Product_2046,Whse_J,Category_019,4/19/2012,4700
Product_2048,Whse_J,Category_019,4/19/2012,10000
Product_2045,Whse_J,Category_019,4/24/2012,10000
Product_2046,Whse_J,Category_019,4/24/2012,10000
Product_1643,Whse_J,Category_019,4/24/2012,100
Product_2042,Whse_J,Category_019,4/25/2012,50000
Product_2043,Whse_J,Category_019,4/25/2012,30000
Product_2047,Whse_J,Category_019,5/1/2012,10000
Product_2045,Whse_J,Category_019,5/7/2012,10000
Product_2044,Whse_J,Category_019,5/8/2012,20000
Product_2042,Whse_J,Category_019,5/14/2012,50000
Product_2046,Whse_J,Category_019,5/10/2012,10000
Product_2045,Whse_J,Category_019,5/14/2012,10000
Product_0639,Whse_J,Category_019,5/16/2012,7
Product_0639,Whse_J,Category_019,5/16/2012,3
Product_2047,Whse_J,Category_019,5/18/2012,10000
Product_2044,Whse_J,Category_019,5/21/2012,20000
Product_2046,Whse_J,Category_019,5/21/2012,10000
Product_2043,Whse_J,Category_019,5/22/2012,30000
Product_2045,Whse_J,Category_019,5/24/2012,10000
Product_2046,Whse_J,Category_019,6/1/2012,10000
Product_2047,Whse_J,Category_019,6/1/2012,10000
Product_2048,Whse_J,Category_019,5/30/2012,10000
Product_1995,Whse_J,Category_019,5/31/2012,500
Product_2045,Whse_J,Category_019,5/31/2012,20000
Product_2044,Whse_J,Category_019,6/5/2012,20000
Product_2047,Whse_J,Category_019,6/5/2012,10000
Product_2042,Whse_J,Category_019,6/6/2012,50000
Product_2046,Whse_J,Category_019,6/7/2012,10000
Product_2043,Whse_J,Category_019,6/12/2012,30000
Product_2044,Whse_J,Category_019,6/12/2012,20000
Product_1643,Whse_J,Category_019,6/20/2012,1000
Product_1643,Whse_J,Category_019,6/20/2012,100
Product_2046,Whse_J,Category_019,6/19/2012,10000
Product_0639,Whse_J,Category_019,6/21/2012,7
Product_2045,Whse_J,Category_019,6/21/2012,10000
Product_2042,Whse_J,Category_019,7/2/2012,50000
Product_2048,Whse_J,Category_019,6/26/2012,10000
Product_2042,Whse_J,Category_019,7/2/2012,50000
Product_2048,Whse_J,Category_019,7/2/2012,10000
Product_2047,Whse_J,Category_019,7/2/2012,10000
Product_2043,Whse_J,Category_019,7/2/2012,30000
Product_2044,Whse_J,Category_019,7/2/2012,20000
Product_2045,Whse_J,Category_019,7/6/2012,10000
Product_2045,Whse_J,Category_019,7/6/2012,10000
Product_2044,Whse_J,Category_019,7/9/2012,20000
Product_2046,Whse_J,Category_019,7/11/2012,10000
Product_2047,Whse_J,Category_019,7/13/2012,10000
Product_2042,Whse_J,Category_019,7/19/2012,50000
Product_2048,Whse_J,Category_019,7/20/2012,10000
Product_2043,Whse_J,Category_019,7/23/2012,30000
Product_2044,Whse_J,Category_019,7/23/2012,20000
Product_2046,Whse_J,Category_019,7/26/2012,10000
Product_2047,Whse_J,Category_019,8/1/2012,20000
Product_2045,Whse_J,Category_019,8/1/2012,20000
Product_1643,Whse_J,Category_019,7/30/2012,100
Product_2043,Whse_J,Category_019,8/2/2012,30000
Product_1995,Whse_J,Category_019,8/2/2012,500
Product_1643,Whse_J,Category_019,8/7/2012,100
Product_2044,Whse_J,Category_019,8/9/2012,20000
Product_2042,Whse_J,Category_019,8/9/2012,50000
Product_1995,Whse_J,Category_019,8/17/2012,100
Product_2043,Whse_J,Category_019,8/16/2012,30000
Product_1996,Whse_J,Category_019,8/16/2012,200
Product_2046,Whse_J,Category_019,8/16/2012,10000
Product_2048,Whse_J,Category_019,8/22/2012,5000
Product_2048,Whse_J,Category_019,8/22/2012,10000
Product_2045,Whse_J,Category_019,8/22/2012,20000
Product_2046,Whse_J,Category_019,8/22/2012,20000
Product_2044,Whse_J,Category_019,8/23/2012,20000
Product_2047,Whse_J,Category_019,8/27/2012,10000
Product_2042,Whse_J,Category_019,8/28/2012,50000
Product_2043,Whse_J,Category_019,8/28/2012,30000
Product_1995,Whse_J,Category_019,8/31/2012,100
Product_2048,Whse_J,Category_019,9/6/2012,10000
Product_1643,Whse_J,Category_019,9/18/2012,300
Product_2044,Whse_J,Category_019,9/7/2012,20000
Product_2047,Whse_J,Category_019,9/7/2012,10000
Product_2045,Whse_J,Category_019,9/10/2012,10000
Product_1995,Whse_J,Category_019,9/11/2012,100
Product_1996,Whse_J,Category_019,9/11/2012,200
Product_2043,Whse_J,Category_019,9/12/2012,30000
Product_2046,Whse_J,Category_019,9/12/2012,10000
Product_1643,Whse_J,Category_019,9/19/2012,100
Product_2047,Whse_J,Category_019,9/19/2012,10000
Product_2042,Whse_J,Category_019,9/21/2012,50000
Product_2048,Whse_J,Category_019,9/24/2012,10000
Product_2044,Whse_J,Category_019,9/25/2012,20000
Product_2047,Whse_J,Category_019,10/1/2012,10000
Product_1995,Whse_J,Category_019,9/28/2012,100
Product_2042,Whse_J,Category_019,10/2/2012,50000
Product_2046,Whse_J,Category_019,10/2/2012,10000
Product_2043,Whse_J,Category_019,10/3/2012,30000
Product_2045,Whse_J,Category_019,10/9/2012,10000
Product_2044,Whse_J,Category_019,10/10/2012,20000
Product_2046,Whse_J,Category_019,10/16/2012,10000
Product_2047,Whse_J,Category_019,10/18/2012,10000
Product_1643,Whse_J,Category_019,10/29/2012,500
Product_2047,Whse_J,Category_019,10/22/2012,10000
Product_0639,Whse_J,Category_019,12/4/2012,100
Product_2046,Whse_J,Category_019,10/23/2012,10000
Product_2042,Whse_J,Category_019,10/26/2012,50000
Product_2043,Whse_J,Category_019,10/26/2012,30000
Product_2044,Whse_J,Category_019,10/26/2012,20000
Product_2048,Whse_J,Category_019,10/26/2012,10000
Product_2045,Whse_J,Category_019,11/1/2012,10000
Product_2046,Whse_J,Category_019,11/1/2012,10000
Product_2045,Whse_J,Category_019,11/1/2012,10000
Product_2046,Whse_J,Category_019,11/1/2012,5300
Product_2046,Whse_J,Category_019,11/1/2012,4700
Product_1995,Whse_J,Category_019,11/1/2012,500
Product_2044,Whse_J,Category_019,11/6/2012,20000
Product_1995,Whse_J,Category_019,11/13/2012,500
Product_2043,Whse_J,Category_019,11/7/2012,30000
Product_2046,Whse_J,Category_019,11/7/2012,10000
Product_2045,Whse_J,Category_019,11/8/2012,10000
Product_2042,Whse_J,Category_019,11/12/2012,50000
Product_2048,Whse_J,Category_019,11/14/2012,10000
Product_1995,Whse_J,Category_019,11/15/2012,500
Product_2047,Whse_J,Category_019,11/16/2012,20000
Product_2048,Whse_J,Category_019,11/16/2012,10000
Product_2044,Whse_J,Category_019,11/19/2012,20000
Product_2046,Whse_J,Category_019,11/19/2012,5000
Product_2046,Whse_J,Category_019,11/19/2012,5000
Product_2048,Whse_J,Category_019,11/19/2012,10000
Product_2047,Whse_J,Category_019,11/22/2012,10000
Product_2042,Whse_J,Category_019,12/3/2012,50000
Product_2043,Whse_J,Category_019,12/3/2012,30000
Product_2046,Whse_J,Category_019,12/3/2012,15000
Product_2046,Whse_J,Category_019,12/3/2012,5000
Product_2047,Whse_J,Category_019,12/3/2012,20000
Product_2048,Whse_J,Category_019,12/3/2012,900
Product_2048,Whse_J,Category_019,12/3/2012,1500
Product_2048,Whse_J,Category_019,12/3/2012,17600
Product_2044,Whse_J,Category_019,12/6/2012,20000
Product_2045,Whse_J,Category_019,12/10/2012,10000
Product_1643,Whse_J,Category_019,12/14/2012,1000
Product_2043,Whse_J,Category_019,12/13/2012,30000
Product_2044,Whse_J,Category_019,12/17/2012,20000
Product_2042,Whse_J,Category_019,12/17/2012,50000
Product_2046,Whse_J,Category_019,12/27/2012,10000
Product_0317,Whse_J,Category_011,1/5/2012,32
Product_0308,Whse_J,Category_024,3/7/2012,21
Product_1226,Whse_J,Category_019,2/7/2012,500
Product_1226,Whse_J,Category_019,2/27/2012,600
Product_1226,Whse_J,Category_019,10/5/2012,600
Product_1226,Whse_J,Category_019,11/9/2012,100
Product_1226,Whse_J,Category_019,11/12/2012,600
Product_1226,Whse_J,Category_019,1/5/2012,600
Product_1357,Whse_J,Category_019,1/10/2012,1000
Product_1400,Whse_J,Category_019,1/10/2012,1000
Product_1995,Whse_J,Category_019,1/16/2012,100
Product_1995,Whse_J,Category_019,1/13/2012,100
Product_1357,Whse_J,Category_019,1/16/2012,5000
Product_1400,Whse_J,Category_019,1/18/2012,1000
Product_1400,Whse_J,Category_019,3/2/2012,1000
Product_1357,Whse_J,Category_019,3/5/2012,1000
Product_1400,Whse_J,Category_019,3/5/2012,1000
Product_1226,Whse_J,Category_019,3/5/2012,200
Product_1400,Whse_J,Category_019,4/19/2012,2000
Product_1995,Whse_J,Category_019,5/22/2012,100
Product_1357,Whse_J,Category_019,5/30/2012,1000
Product_1400,Whse_J,Category_019,6/12/2012,1000
Product_1400,Whse_J,Category_019,6/19/2012,1000
Product_1400,Whse_J,Category_019,7/10/2012,2000
Product_1400,Whse_J,Category_019,7/17/2012,1000
Product_1400,Whse_J,Category_019,7/27/2012,1000
Product_1995,Whse_J,Category_019,8/31/2012,100
Product_1400,Whse_J,Category_019,8/1/2012,1000
Product_1995,Whse_J,Category_019,8/30/2012,100
Product_1995,Whse_J,Category_019,8/30/2012,100
Product_1357,Whse_J,Category_019,8/31/2012,1000
Product_1400,Whse_J,Category_019,8/31/2012,1000
Product_1357,Whse_J,Category_019,9/27/2012,1000
Product_0943,Whse_J,Category_005,1/5/2012,1000
Product_0943,Whse_J,Category_005,1/16/2012,1000
Product_0943,Whse_J,Category_005,1/16/2012,1000
Product_0943,Whse_J,Category_005,1/16/2012,1000
Product_0031,Whse_J,Category_005,1/19/2012,100
Product_0943,Whse_J,Category_005,1/11/2012,1000
Product_0031,Whse_J,Category_005,1/27/2012,300
Product_1969,Whse_J,Category_005,1/5/2012,3000
Product_0031,Whse_J,Category_005,1/12/2012,500
Product_0031,Whse_J,Category_005,2/13/2012,200
Product_0943,Whse_J,Category_005,2/16/2012,1000
Product_0943,Whse_J,Category_005,2/10/2012,1000
Product_0943,Whse_J,Category_005,2/28/2012,1000
Product_0943,Whse_J,Category_005,2/22/2012,1000
Product_0943,Whse_J,Category_005,1/30/2012,1000
Product_0943,Whse_J,Category_005,3/15/2012,1000
Product_0031,Whse_J,Category_005,2/13/2012,100
Product_0943,Whse_J,Category_005,2/15/2012,1000
Product_0943,Whse_J,Category_005,3/7/2012,1000
Product_0943,Whse_J,Category_005,4/4/2012,1000
Product_0943,Whse_J,Category_005,4/9/2012,2000
Product_1969,Whse_J,Category_005,3/2/2012,3000
Product_0943,Whse_J,Category_005,3/28/2012,1000
Product_0943,Whse_J,Category_005,3/28/2012,2000
Product_1969,Whse_J,Category_005,3/16/2012,3000
Product_0031,Whse_J,Category_005,4/27/2012,100
Product_0943,Whse_J,Category_005,4/5/2012,1000
Product_0943,Whse_J,Category_005,5/14/2012,1000
Product_0943,Whse_J,Category_005,3/22/2012,1000
Product_0943,Whse_J,Category_005,5/15/2012,1000
Product_0943,Whse_J,Category_005,4/9/2012,2000
Product_0031,Whse_J,Category_005,4/27/2012,100
Product_0031,Whse_J,Category_005,4/5/2012,100
Product_0943,Whse_J,Category_005,4/6/2012,4000
Product_0943,Whse_J,Category_005,4/27/2012,3000
Product_0943,Whse_J,Category_005,5/17/2012,1000
Product_0943,Whse_J,Category_005,5/29/2012,1000
Product_0943,Whse_J,Category_005,4/27/2012,3000
Product_0943,Whse_J,Category_005,5/15/2012,1000
Product_0943,Whse_J,Category_005,5/30/2012,1000
Product_0943,Whse_J,Category_005,4/18/2012,2000
Product_0031,Whse_J,Category_005,5/29/2012,400
Product_0031,Whse_J,Category_005,5/30/2012,100
Product_0943,Whse_J,Category_005,5/30/2012,5000
Product_0943,Whse_J,Category_005,6/27/2012,1000
Product_0943,Whse_J,Category_005,5/11/2012,3000
Product_0943,Whse_J,Category_005,5/30/2012,1000
Product_1969,Whse_J,Category_005,5/21/2012,3000
Product_0943,Whse_J,Category_005,6/6/2012,1000
Product_0943,Whse_J,Category_005,7/2/2012,1000
Product_0943,Whse_J,Category_005,6/27/2012,2000
Product_0943,Whse_J,Category_005,7/10/2012,1000
Product_0943,Whse_J,Category_005,7/15/2012,1000
Product_0031,Whse_J,Category_005,6/28/2012,200
Product_0943,Whse_J,Category_005,6/27/2012,1000
Product_0943,Whse_J,Category_005,7/31/2012,2000
Product_0943,Whse_J,Category_005,8/9/2012,1000
Product_0943,Whse_J,Category_005,8/10/2012,2000
Product_0031,Whse_J,Category_005,7/11/2012,300
Product_0943,Whse_J,Category_005,8/10/2012,2000
Product_0943,Whse_J,Category_005,7/4/2012,1000
Product_0943,Whse_J,Category_005,8/10/2012,1000
Product_0943,Whse_J,Category_005,8/21/2012,1000
Product_1969,Whse_J,Category_005,7/4/2012,3000
Product_0943,Whse_J,Category_005,7/11/2012,1000
Product_0943,Whse_J,Category_005,7/10/2012,1000
Product_0943,Whse_J,Category_005,7/17/2012,1000
Product_0031,Whse_J,Category_005,8/29/2012,500
Product_0031,Whse_J,Category_005,8/1/2012,400
Product_0943,Whse_J,Category_005,9/2/2012,1000
Product_0943,Whse_J,Category_005,10/10/2012,1000
Product_0943,Whse_J,Category_005,9/14/2012,1000
Product_0031,Whse_J,Category_005,10/2/2012,100
Product_0943,Whse_J,Category_005,10/18/2012,1000
Product_0943,Whse_J,Category_005,11/28/2012,1000
Product_0943,Whse_J,Category_005,10/30/2012,1000
Product_0943,Whse_J,Category_005,10/31/2012,3000
Product_0943,Whse_J,Category_005,10/15/2012,1000
Product_1969,Whse_J,Category_005,10/24/2012,3000
Product_0031,Whse_J,Category_005,11/12/2012,400
Product_0943,Whse_J,Category_005,12/6/2012,1000
Product_1570,Whse_J,Category_019,1/19/2012,500
Product_1648,Whse_J,Category_019,1/5/2012,500
Product_1570,Whse_J,Category_019,1/30/2012,500
Product_1651,Whse_J,Category_019,1/25/2012,1000
Product_1570,Whse_J,Category_019,2/14/2012,500
Product_1651,Whse_J,Category_019,2/9/2012,1000
Product_1570,Whse_J,Category_019,3/8/2012,500
Product_1570,Whse_J,Category_019,3/5/2012,500
Product_1651,Whse_J,Category_019,3/9/2012,1000
Product_1648,Whse_J,Category_019,3/6/2012,500
Product_1648,Whse_J,Category_019,3/7/2012,500
Product_1570,Whse_J,Category_019,3/29/2012,500
Product_1651,Whse_J,Category_019,4/3/2012,1000
Product_1570,Whse_J,Category_019,4/23/2012,500
Product_1570,Whse_J,Category_019,5/25/2012,500
Product_1651,Whse_J,Category_019,5/14/2012,1000
Product_1570,Whse_J,Category_019,5/24/2012,500
Product_1570,Whse_J,Category_019,6/7/2012,500
Product_1570,Whse_J,Category_019,6/27/2012,500
Product_1570,Whse_J,Category_019,7/13/2012,500
Product_1651,Whse_J,Category_019,7/6/2012,1000
Product_1570,Whse_J,Category_019,7/30/2012,500
Product_1570,Whse_J,Category_019,8/17/2012,500
Product_1570,Whse_J,Category_019,8/9/2012,500
Product_1651,Whse_J,Category_019,7/31/2012,1000
Product_1570,Whse_J,Category_019,8/27/2012,500
Product_1570,Whse_J,Category_019,9/6/2012,500
Product_1651,Whse_J,Category_019,8/27/2012,1000
Product_1651,Whse_J,Category_019,8/30/2012,1000
Product_1651,Whse_J,Category_019,9/5/2012,1000
Product_1570,Whse_J,Category_019,9/25/2012,500
Product_1570,Whse_J,Category_019,10/18/2012,500
Product_1570,Whse_J,Category_019,11/19/2012,500
Product_1651,Whse_J,Category_019,11/1/2012,1000
Product_1570,Whse_J,Category_019,11/21/2012,500
Product_1651,Whse_J,Category_019,11/20/2012,1000
Product_1570,Whse_J,Category_019,12/5/2012,500
Product_1651,Whse_J,Category_019,12/5/2012,1000
Product_1570,Whse_J,Category_019,12/20/2012,500
Product_1905,Whse_J,Category_019,1/6/2012,2100
Product_1901,Whse_J,Category_019,1/12/2012,2200
Product_1905,Whse_J,Category_019,1/12/2012,2300
Product_1905,Whse_J,Category_019,1/19/2012,2100
Product_1901,Whse_J,Category_019,1/25/2012,3000
Product_1905,Whse_J,Category_019,1/25/2012,3000
Product_1903,Whse_J,Category_019,1/31/2012,700
Product_1905,Whse_J,Category_019,1/31/2012,2400
Product_1905,Whse_J,Category_019,2/8/2012,2600
Product_1901,Whse_J,Category_019,2/14/2012,2400
Product_1905,Whse_J,Category_019,2/15/2012,2100
Product_1905,Whse_J,Category_019,2/22/2012,2900
Product_1901,Whse_J,Category_019,2/23/2012,2100
Product_1905,Whse_J,Category_019,2/27/2012,2200
Product_1903,Whse_J,Category_019,3/2/2012,600
Product_1905,Whse_J,Category_019,3/2/2012,2100
Product_1901,Whse_J,Category_019,3/7/2012,4000
Product_1903,Whse_J,Category_019,3/8/2012,600
Product_1905,Whse_J,Category_019,3/8/2012,2100
Product_1905,Whse_J,Category_019,3/13/2012,2100
Product_1903,Whse_J,Category_019,3/22/2012,600
Product_1903,Whse_J,Category_019,3/22/2012,100
Product_1905,Whse_J,Category_019,3/22/2012,2900
Product_1901,Whse_J,Category_019,3/26/2012,2200
Product_1905,Whse_J,Category_019,3/28/2012,2900
Product_1905,Whse_J,Category_019,4/6/2012,2100
Product_1901,Whse_J,Category_019,4/11/2012,2100
Product_1905,Whse_J,Category_019,4/16/2012,2100
Product_1903,Whse_J,Category_019,4/20/2012,600
Product_1901,Whse_J,Category_019,4/23/2012,2400
Product_1905,Whse_J,Category_019,4/23/2012,2200
Product_1905,Whse_J,Category_019,4/27/2012,2500
Product_1905,Whse_J,Category_019,5/8/2012,2600
Product_1901,Whse_J,Category_019,5/9/2012,2100
Product_1903,Whse_J,Category_019,5/11/2012,900
Product_1901,Whse_J,Category_019,5/16/2012,2200
Product_1905,Whse_J,Category_019,5/18/2012,2100
Product_1901,Whse_J,Category_019,5/22/2012,2100
Product_1905,Whse_J,Category_019,5/25/2012,2300
Product_1905,Whse_J,Category_019,5/31/2012,2300
Product_1901,Whse_J,Category_019,6/6/2012,2300
Product_1905,Whse_J,Category_019,6/6/2012,2100
Product_1905,Whse_J,Category_019,6/14/2012,2400
Product_1901,Whse_J,Category_019,6/20/2012,2900
Product_1905,Whse_J,Category_019,6/21/2012,2200
Product_1901,Whse_J,Category_019,6/21/2012,2100
Product_1903,Whse_J,Category_019,6/22/2012,600
Product_1905,Whse_J,Category_019,6/25/2012,2100
Product_1901,Whse_J,Category_019,6/29/2012,2100
Product_1905,Whse_J,Category_019,7/2/2012,2300
Product_1905,Whse_J,Category_019,7/9/2012,2200
Product_1901,Whse_J,Category_019,7/10/2012,2200
Product_1903,Whse_J,Category_019,7/13/2012,600
Product_1905,Whse_J,Category_019,7/19/2012,2700
Product_1905,Whse_J,Category_019,7/25/2012,2200
Product_1901,Whse_J,Category_019,7/30/2012,2100
Product_1905,Whse_J,Category_019,7/30/2012,2100
Product_1901,Whse_J,Category_019,8/2/2012,2200
Product_1905,Whse_J,Category_019,8/3/2012,2200
Product_1903,Whse_J,Category_019,8/9/2012,1000
Product_1905,Whse_J,Category_019,8/27/2012,2400
Product_1901,Whse_J,Category_019,8/27/2012,2600
Product_1905,Whse_J,Category_019,8/20/2012,2100
Product_1903,Whse_J,Category_019,8/22/2012,1000
Product_1901,Whse_J,Category_019,8/23/2012,3000
Product_1905,Whse_J,Category_019,8/23/2012,4000
Product_1905,Whse_J,Category_019,8/31/2012,3000
Product_1905,Whse_J,Category_019,9/7/2012,3000
Product_1901,Whse_J,Category_019,9/7/2012,3000
Product_1903,Whse_J,Category_019,9/12/2012,1000
Product_1905,Whse_J,Category_019,9/20/2012,3000
Product_1905,Whse_J,Category_019,9/28/2012,3000
Product_1901,Whse_J,Category_019,9/28/2012,3000
Product_1905,Whse_J,Category_019,10/9/2012,3000
Product_1903,Whse_J,Category_019,10/11/2012,1000
Product_1901,Whse_J,Category_019,10/12/2012,3000
Product_1903,Whse_J,Category_019,10/17/2012,1000
Product_1905,Whse_J,Category_019,10/17/2012,3000
Product_1905,Whse_J,Category_019,10/24/2012,3000
Product_1901,Whse_J,Category_019,10/25/2012,3000
Product_1905,Whse_J,Category_019,11/5/2012,3000
Product_1901,Whse_J,Category_019,11/7/2012,3000
Product_1905,Whse_J,Category_019,11/14/2012,3000
Product_1905,Whse_J,Category_019,11/26/2012,3000
Product_1901,Whse_J,Category_019,11/30/2012,3000
Product_1905,Whse_J,Category_019,12/4/2012,3000
Product_1905,Whse_J,Category_019,12/10/2012,3000
Product_1903,Whse_J,Category_019,12/11/2012,1000
Product_1905,Whse_J,Category_019,12/13/2012,3000
Product_1901,Whse_J,Category_019,12/17/2012,3000
Product_1905,Whse_J,Category_019,12/19/2012,3000
Product_1901,Whse_J,Category_019,12/21/2012,6000
Product_1905,Whse_J,Category_019,12/21/2012,7000
Product_1186,Whse_J,Category_019,3/1/2012,900
Product_1186,Whse_J,Category_019,3/28/2012,300
Product_1512,Whse_J,Category_019,3/9/2012,100
Product_0620,Whse_J,Category_001,2/1/2012,1
Product_1757,Whse_J,Category_001,1/10/2012,2
Product_1763,Whse_J,Category_001,1/10/2012,2
Product_0620,Whse_J,Category_001,1/20/2012,3
Product_1757,Whse_J,Category_001,12/28/2011,4
Product_0613,Whse_J,Category_001,1/26/2012,2
Product_0620,Whse_J,Category_001,1/26/2012,2
Product_0620,Whse_J,Category_001,2/1/2012,4
Product_0608,Whse_J,Category_001,1/26/2012,1
Product_1752,Whse_J,Category_001,2/2/2012,1
Product_1755,Whse_J,Category_001,2/2/2012,1
Product_1757,Whse_J,Category_001,2/2/2012,3
Product_1763,Whse_J,Category_001,2/2/2012,1
Product_0620,Whse_J,Category_001,1/20/2012,2
Product_0601,Whse_J,Category_001,2/9/2012,50
Product_0601,Whse_J,Category_001,2/16/2012,50
Product_1755,Whse_J,Category_001,2/27/2012,1
Product_1757,Whse_J,Category_001,3/21/2012,4
Product_0608,Whse_J,Category_001,3/22/2012,2
Product_0613,Whse_J,Category_001,3/22/2012,2
Product_1757,Whse_J,Category_001,4/9/2012,1
Product_1757,Whse_J,Category_001,4/25/2012,1
Product_1763,Whse_J,Category_001,4/10/2012,2
Product_0601,Whse_J,Category_001,5/11/2012,50
Product_1757,Whse_J,Category_001,5/8/2012,4
Product_1763,Whse_J,Category_001,5/8/2012,4
Product_1757,Whse_J,Category_001,6/15/2012,1
Product_0613,Whse_J,Category_001,6/15/2012,1
Product_0620,Whse_J,Category_001,6/15/2012,2
Product_1752,Whse_J,Category_001,6/15/2012,2
Product_1755,Whse_J,Category_001,6/15/2012,2
Product_0613,Whse_J,Category_001,6/29/2012,1
Product_0608,Whse_J,Category_001,6/29/2012,1
Product_0620,Whse_J,Category_001,6/29/2012,1
Product_1752,Whse_J,Category_001,6/29/2012,1
Product_1755,Whse_J,Category_001,6/29/2012,1
Product_1757,Whse_J,Category_001,6/29/2012,1
Product_1763,Whse_J,Category_001,6/29/2012,1
Product_0620,Whse_J,Category_001,7/17/2012,3
Product_0623,Whse_J,Category_001,9/14/2012,3
Product_0623,Whse_J,Category_001,9/18/2012,1
Product_0623,Whse_J,Category_001,9/18/2012,2
Product_0623,Whse_J,Category_001,9/19/2012,1
Product_0623,Whse_J,Category_001,9/20/2012,2
Product_0623,Whse_J,Category_001,9/20/2012,1
Product_0623,Whse_J,Category_001,9/21/2012,2
Product_0623,Whse_J,Category_001,9/24/2012,1
Product_0623,Whse_J,Category_001,9/24/2012,1
Product_0613,Whse_J,Category_001,9/18/2012,1
Product_0620,Whse_J,Category_001,9/18/2012,1
Product_0613,Whse_J,Category_001,9/20/2012,1
Product_0620,Whse_J,Category_001,9/20/2012,1
Product_0608,Whse_J,Category_001,9/18/2012,1
Product_0608,Whse_J,Category_001,9/20/2012,1
Product_0608,Whse_J,Category_001,9/11/2012,2
Product_0613,Whse_J,Category_001,9/11/2012,2
Product_0620,Whse_J,Category_001,9/11/2012,2
Product_1757,Whse_J,Category_001,9/11/2012,2
Product_1763,Whse_J,Category_001,9/11/2012,2
Product_0613,Whse_J,Category_001,9/12/2012,1
Product_0620,Whse_J,Category_001,9/12/2012,1
Product_1757,Whse_J,Category_001,9/12/2012,1
Product_1763,Whse_J,Category_001,9/12/2012,1
Product_1757,Whse_J,Category_001,9/25/2012,4
Product_1763,Whse_J,Category_001,9/25/2012,4
Product_1757,Whse_J,Category_001,10/18/2012,1
Product_1752,Whse_J,Category_001,10/18/2012,2
Product_1755,Whse_J,Category_001,10/18/2012,2
Product_0608,Whse_J,Category_001,11/8/2012,1
Product_0613,Whse_J,Category_001,11/8/2012,1
Product_0620,Whse_J,Category_001,11/8/2012,1
Product_0620,Whse_J,Category_001,12/12/2012,2
Product_0613,Whse_J,Category_001,12/12/2012,3
Product_0620,Whse_J,Category_001,12/12/2012,1
Product_1986,Whse_J,Category_005,2/28/2012,100
Product_1991,Whse_J,Category_005,1/27/2012,200
Product_0957,Whse_J,Category_005,2/9/2012,100
Product_0957,Whse_J,Category_005,2/16/2012,100
Product_1986,Whse_J,Category_005,3/5/2012,100
Product_1986,Whse_J,Category_005,3/13/2012,100
Product_1991,Whse_J,Category_005,3/1/2012,200
Product_1991,Whse_J,Category_005,2/15/2012,500
Product_1999,Whse_J,Category_005,2/27/2012,1000
Product_1991,Whse_J,Category_005,3/2/2012,800
Product_1999,Whse_J,Category_005,3/16/2012,1000
Product_1991,Whse_J,Category_005,3/19/2012,200
Product_1991,Whse_J,Category_005,3/26/2012,200
Product_1991,Whse_J,Category_005,3/27/2012,1000
Product_2001,Whse_J,Category_005,4/9/2012,400
Product_2006,Whse_J,Category_005,4/9/2012,400
Product_1991,Whse_J,Category_005,4/6/2012,800
Product_1991,Whse_J,Category_005,5/7/2012,500
Product_1986,Whse_J,Category_005,6/14/2012,300
Product_1986,Whse_J,Category_005,6/20/2012,300
Product_1999,Whse_J,Category_005,6/5/2012,1000
Product_0957,Whse_J,Category_005,5/29/2012,100
Product_1991,Whse_J,Category_005,6/6/2012,400
Product_2010,Whse_J,Category_005,6/8/2012,100
Product_2001,Whse_J,Category_005,6/15/2012,300
Product_2006,Whse_J,Category_005,6/15/2012,200
Product_1999,Whse_J,Category_005,6/18/2012,2000
Product_1991,Whse_J,Category_005,6/25/2012,300
Product_1991,Whse_J,Category_005,7/17/2012,700
Product_2001,Whse_J,Category_005,7/2/2012,300
Product_0020,Whse_J,Category_005,6/29/2012,100
Product_2006,Whse_J,Category_005,6/29/2012,200
Product_0957,Whse_J,Category_005,8/16/2012,100
Product_0957,Whse_J,Category_005,8/30/2012,100
Product_1986,Whse_J,Category_005,9/13/2012,100
Product_0957,Whse_J,Category_005,8/27/2012,200
Product_1991,Whse_J,Category_005,8/29/2012,1000
Product_1999,Whse_J,Category_005,9/11/2012,1000
Product_1991,Whse_J,Category_005,9/13/2012,600
Product_2001,Whse_J,Category_005,9/18/2012,300
Product_2001,Whse_J,Category_005,9/20/2012,300
Product_0020,Whse_J,Category_005,9/18/2012,100
Product_0020,Whse_J,Category_005,9/20/2012,100
Product_2006,Whse_J,Category_005,9/18/2012,200
Product_2006,Whse_J,Category_005,9/20/2012,200
Product_1999,Whse_J,Category_005,10/11/2012,1000
Product_0031,Whse_J,Category_005,11/8/2012,100
Product_1991,Whse_J,Category_005,11/28/2012,100
Product_0929,Whse_J,Category_006,1/26/2012,2000
Product_0929,Whse_J,Category_006,2/9/2012,3000
Product_0929,Whse_J,Category_006,2/13/2012,1000
Product_0929,Whse_J,Category_006,3/6/2012,2000
Product_0929,Whse_J,Category_006,3/8/2012,1000
Product_0929,Whse_J,Category_006,3/22/2012,5000
Product_0929,Whse_J,Category_006,3/22/2012,1000
Product_0929,Whse_J,Category_006,4/9/2012,4000
Product_0929,Whse_J,Category_006,4/17/2012,1000
Product_0929,Whse_J,Category_006,4/18/2012,3000
Product_0929,Whse_J,Category_006,5/11/2012,2000
Product_0929,Whse_J,Category_006,5/18/2012,1000
Product_0929,Whse_J,Category_006,5/29/2012,1000
Product_0929,Whse_J,Category_006,6/15/2012,2000
Product_0929,Whse_J,Category_006,6/27/2012,1000
Product_0929,Whse_J,Category_006,6/29/2012,3000
Product_0929,Whse_J,Category_006,7/17/2012,3000
Product_0929,Whse_J,Category_006,9/18/2012,3000
Product_0929,Whse_J,Category_006,9/20/2012,3000
Product_0929,Whse_J,Category_006,9/25/2012,4000
Product_0929,Whse_J,Category_006,10/18/2012,1000
Product_1349,Whse_J,Category_019,1/12/2012,2000
Product_1349,Whse_J,Category_019,1/19/2012,2000
Product_1349,Whse_J,Category_019,1/26/2012,2000
Product_1279,Whse_J,Category_019,3/5/2012,2000
Product_1394,Whse_J,Category_019,3/5/2012,2000
Product_1511,Whse_J,Category_019,3/5/2012,2000
Product_1349,Whse_J,Category_019,2/7/2012,1000
Product_1280,Whse_J,Category_019,2/9/2012,2000
Product_1512,Whse_J,Category_019,1/11/2012,100
Product_1315,Whse_J,Category_019,1/27/2012,20000
Product_1262,Whse_J,Category_019,1/13/2012,20000
Product_1349,Whse_J,Category_019,1/17/2012,1000
Product_1349,Whse_J,Category_019,2/9/2012,5000
Product_1349,Whse_J,Category_019,2/15/2012,2000
Product_1349,Whse_J,Category_019,2/15/2012,2000
Product_1406,Whse_J,Category_019,1/17/2012,1000
Product_2014,Whse_J,Category_019,2/22/2012,100
Product_1512,Whse_J,Category_019,2/9/2012,300
Product_1349,Whse_J,Category_019,2/15/2012,1000
Product_1280,Whse_J,Category_019,2/9/2012,2000
Product_1360,Whse_J,Category_019,3/14/2012,3000
Product_1349,Whse_J,Category_019,1/23/2012,3000
Product_1312,Whse_J,Category_019,1/31/2012,200
Product_1312,Whse_J,Category_019,2/7/2012,200
Product_1312,Whse_J,Category_019,2/14/2012,200
Product_1280,Whse_J,Category_019,3/9/2012,2000
Product_1391,Whse_J,Category_019,1/31/2012,100
Product_1391,Whse_J,Category_019,2/7/2012,100
Product_1391,Whse_J,Category_019,2/14/2012,100
Product_1394,Whse_J,Category_019,3/8/2012,2000
Product_1394,Whse_J,Category_019,3/14/2012,2000
Product_1279,Whse_J,Category_019,3/8/2012,2000
Product_1511,Whse_J,Category_019,3/8/2012,2000
Product_1279,Whse_J,Category_019,3/14/2012,2000
Product_1511,Whse_J,Category_019,3/14/2012,2000
Product_1349,Whse_J,Category_019,1/26/2012,1000
Product_1512,Whse_J,Category_019,3/6/2012,100
Product_1512,Whse_J,Category_019,3/22/2012,100
Product_1349,Whse_J,Category_019,2/9/2012,6000
Product_1349,Whse_J,Category_019,2/16/2012,6000
Product_1349,Whse_J,Category_019,3/1/2012,2000
Product_1349,Whse_J,Category_019,3/8/2012,2000
Product_1349,Whse_J,Category_019,1/30/2012,1000
Product_1275,Whse_J,Category_019,2/14/2012,200
Product_1512,Whse_J,Category_019,3/6/2012,100
Product_2003,Whse_J,Category_019,1/31/2012,100
Product_1280,Whse_J,Category_019,2/9/2012,2000
Product_1349,Whse_J,Category_019,2/7/2012,1000
Product_1279,Whse_J,Category_019,3/26/2012,2000
Product_1394,Whse_J,Category_019,3/26/2012,2000
Product_1511,Whse_J,Category_019,3/26/2012,2000
Product_1349,Whse_J,Category_019,2/10/2012,1000
Product_1406,Whse_J,Category_019,2/10/2012,1000
Product_1241,Whse_J,Category_019,2/10/2012,1000
Product_1241,Whse_J,Category_019,3/13/2012,1000
Product_1512,Whse_J,Category_019,3/9/2012,300
Product_1394,Whse_J,Category_019,3/30/2012,2000
Product_1279,Whse_J,Category_019,3/30/2012,2000
Product_1511,Whse_J,Category_019,3/30/2012,2000
Product_1430,Whse_J,Category_019,2/20/2012,500
Product_1512,Whse_J,Category_019,2/20/2012,200
Product_1349,Whse_J,Category_019,2/15/2012,4000
Product_1349,Whse_J,Category_019,3/28/2012,1000
Product_1349,Whse_J,Category_019,4/4/2012,1000
Product_1280,Whse_J,Category_019,2/23/2012,3000
Product_1406,Whse_J,Category_019,2/15/2012,2000
Product_1279,Whse_J,Category_019,2/15/2012,1000
Product_1394,Whse_J,Category_019,2/15/2012,2000
Product_1279,Whse_J,Category_019,2/14/2012,10000
Product_1394,Whse_J,Category_019,2/14/2012,10000
Product_1512,Whse_J,Category_019,2/13/2012,300
Product_1349,Whse_J,Category_019,2/13/2012,2000
Product_1349,Whse_J,Category_019,2/14/2012,1000
Product_1349,Whse_J,Category_019,3/9/2012,1000
Product_1279,Whse_J,Category_019,4/12/2012,2000
Product_1394,Whse_J,Category_019,4/12/2012,2000
Product_1511,Whse_J,Category_019,4/12/2012,2000
Product_1512,Whse_J,Category_019,3/19/2012,100
Product_1349,Whse_J,Category_019,2/27/2012,3000
Product_1406,Whse_J,Category_019,2/27/2012,1000
Product_1349,Whse_J,Category_019,3/15/2012,1000
Product_1349,Whse_J,Category_019,3/29/2012,3000
Product_1406,Whse_J,Category_019,3/8/2012,1000
Product_1406,Whse_J,Category_019,3/15/2012,1000
Product_1406,Whse_J,Category_019,3/29/2012,1000
Product_1279,Whse_J,Category_019,2/27/2012,1000
Product_1394,Whse_J,Category_019,2/27/2012,2000
Product_1279,Whse_J,Category_019,3/29/2012,1000
Product_1394,Whse_J,Category_019,3/29/2012,2000
Product_1349,Whse_J,Category_019,2/23/2012,1000
Product_1406,Whse_J,Category_019,4/23/2012,1000
Product_1349,Whse_J,Category_019,2/27/2012,2000
Product_1280,Whse_J,Category_019,3/6/2012,2000
Product_1312,Whse_J,Category_019,3/6/2012,400
Product_1391,Whse_J,Category_019,3/6/2012,200
Product_1349,Whse_J,Category_019,3/1/2012,9000
Product_1512,Whse_J,Category_019,3/2/2012,300
Product_1512,Whse_J,Category_019,4/23/2012,1000
Product_1349,Whse_J,Category_019,3/6/2012,3000
Product_1512,Whse_J,Category_019,3/9/2012,500
Product_1280,Whse_J,Category_019,3/14/2012,1000
Product_1280,Whse_J,Category_019,3/9/2012,2000
Product_1512,Whse_J,Category_019,3/21/2012,100
Product_1512,Whse_J,Category_019,3/13/2012,100
Product_1512,Whse_J,Category_019,3/9/2012,300
Product_1279,Whse_J,Category_019,5/14/2012,2000
Product_1394,Whse_J,Category_019,5/14/2012,2000
Product_1511,Whse_J,Category_019,5/14/2012,2000
Product_1262,Whse_J,Category_019,3/16/2012,2000
Product_1512,Whse_J,Category_019,4/3/2012,100
Product_1279,Whse_J,Category_019,5/1/2012,2000
Product_1394,Whse_J,Category_019,5/1/2012,2000
Product_1511,Whse_J,Category_019,5/1/2012,2000
Product_1387,Whse_J,Category_019,3/28/2012,1000
Product_1279,Whse_J,Category_019,5/29/2012,2000
Product_1394,Whse_J,Category_019,5/29/2012,2000
Product_1511,Whse_J,Category_019,5/29/2012,2000
Product_1406,Whse_J,Category_019,5/1/2012,1000
Product_1349,Whse_J,Category_019,4/17/2012,3000
Product_1406,Whse_J,Category_019,4/17/2012,1000
Product_1279,Whse_J,Category_019,4/17/2012,1000
Product_1394,Whse_J,Category_019,4/17/2012,2000
Product_1280,Whse_J,Category_019,4/11/2012,3000
Product_1349,Whse_J,Category_019,4/4/2012,1000
Product_1349,Whse_J,Category_019,5/11/2012,3000
Product_1512,Whse_J,Category_019,4/9/2012,100
Product_1387,Whse_J,Category_019,4/20/2012,5000
Product_1280,Whse_J,Category_019,5/18/2012,3000
Product_1349,Whse_J,Category_019,4/18/2012,1000
Product_1315,Whse_J,Category_019,5/2/2012,20000
Product_1512,Whse_J,Category_019,4/18/2012,100
Product_1394,Whse_J,Category_019,5/11/2012,3000
Product_1394,Whse_J,Category_019,6/19/2012,2000
Product_1279,Whse_J,Category_019,5/11/2012,1000
Product_1279,Whse_J,Category_019,5/11/2012,2000
Product_1279,Whse_J,Category_019,6/19/2012,2000
Product_1511,Whse_J,Category_019,6/19/2012,2000
Product_1262,Whse_J,Category_019,5/8/2012,20000
Product_1512,Whse_J,Category_019,5/18/2012,300
Product_1280,Whse_J,Category_019,5/11/2012,2000
Product_1280,Whse_J,Category_019,4/23/2012,3000
Product_1349,Whse_J,Category_019,4/27/2012,5000
Product_1364,Whse_J,Category_019,5/31/2012,100
Product_1279,Whse_J,Category_019,5/18/2012,2000
Product_1394,Whse_J,Category_019,5/18/2012,2000
Product_1511,Whse_J,Category_019,5/18/2012,2000
Product_1280,Whse_J,Category_019,5/14/2012,1000
Product_1280,Whse_J,Category_019,5/18/2012,1000
Product_1518,Whse_J,Category_019,6/29/2012,100
Product_1349,Whse_J,Category_019,5/29/2012,2000
Product_1279,Whse_J,Category_019,6/18/2012,1000
Product_1394,Whse_J,Category_019,6/18/2012,1000
Product_1279,Whse_J,Category_019,5/21/2012,2000
Product_1394,Whse_J,Category_019,6/21/2012,2000
Product_1511,Whse_J,Category_019,5/21/2012,2000
Product_1279,Whse_J,Category_019,7/13/2012,2000
Product_1511,Whse_J,Category_019,7/13/2012,2000
Product_1394,Whse_J,Category_019,7/13/2012,2000
Product_1280,Whse_J,Category_019,6/12/2012,2000
Product_1312,Whse_J,Category_019,6/12/2012,200
Product_1349,Whse_J,Category_019,5/31/2012,3000
Product_1312,Whse_J,Category_019,6/13/2012,100
Product_1349,Whse_J,Category_019,6/12/2012,1000
Product_1349,Whse_J,Category_019,7/12/2012,3000
Product_1406,Whse_J,Category_019,7/12/2012,1000
Product_1279,Whse_J,Category_019,7/12/2012,1000
Product_1394,Whse_J,Category_019,7/12/2012,2000
Product_1511,Whse_J,Category_019,6/7/2012,2000
Product_1511,Whse_J,Category_019,6/7/2012,1000
Product_1427,Whse_J,Category_019,6/20/2012,100
Product_1279,Whse_J,Category_019,6/15/2012,2000
Product_1394,Whse_J,Category_019,6/15/2012,2000
Product_1427,Whse_J,Category_019,6/28/2012,200
Product_1470,Whse_J,Category_019,6/15/2012,100
Product_1477,Whse_J,Category_019,6/20/2012,100
Product_1279,Whse_J,Category_019,6/29/2012,2000
Product_1394,Whse_J,Category_019,6/29/2012,2000
Product_1511,Whse_J,Category_019,6/29/2012,2000
Product_1512,Whse_J,Category_019,9/20/2012,100
Product_1312,Whse_J,Category_019,7/5/2012,400
Product_1427,Whse_J,Category_019,7/5/2012,300
Product_1477,Whse_J,Category_019,7/5/2012,300
Product_1394,Whse_J,Category_019,8/16/2012,4000
Product_1394,Whse_J,Category_019,8/16/2012,1000
Product_1394,Whse_J,Category_019,8/29/2012,2000
Product_1394,Whse_J,Category_019,8/29/2012,3000
Product_1279,Whse_J,Category_019,8/16/2012,5000
Product_1279,Whse_J,Category_019,8/29/2012,5000
Product_1406,Whse_J,Category_019,7/13/2012,1000
Product_1349,Whse_J,Category_019,8/16/2012,2000
Product_1349,Whse_J,Category_019,8/30/2012,2000
Product_1349,Whse_J,Category_019,7/18/2012,5000
Product_1387,Whse_J,Category_019,7/18/2012,2000
Product_1315,Whse_J,Category_019,7/27/2012,20000
Product_1512,Whse_J,Category_019,7/24/2012,100
Product_1241,Whse_J,Category_019,7/26/2012,1000
Product_1349,Whse_J,Category_019,7/27/2012,3000
Product_1391,Whse_J,Category_019,7/25/2012,300
Product_1994,Whse_J,Category_019,7/25/2012,300
Product_1512,Whse_J,Category_019,7/30/2012,100
Product_1387,Whse_J,Category_019,8/3/2012,1000
Product_1312,Whse_J,Category_019,8/7/2012,400
Product_1391,Whse_J,Category_019,8/7/2012,200
Product_1279,Whse_J,Category_019,9/12/2012,2000
Product_1394,Whse_J,Category_019,9/12/2012,2000
Product_1511,Whse_J,Category_019,9/12/2012,2000
Product_1262,Whse_J,Category_019,8/29/2012,10000
Product_1279,Whse_J,Category_019,8/29/2012,2000
Product_1394,Whse_J,Category_019,8/29/2012,2000
Product_1511,Whse_J,Category_019,8/29/2012,2000
Product_1394,Whse_J,Category_019,8/13/2012,5000
Product_1394,Whse_J,Category_019,9/26/2012,3000
Product_1394,Whse_J,Category_019,9/26/2012,2000
Product_1394,Whse_J,Category_019,10/3/2012,5000
Product_1279,Whse_J,Category_019,9/13/2012,2000
Product_1279,Whse_J,Category_019,9/13/2012,3000
Product_1279,Whse_J,Category_019,9/26/2012,5000
Product_1279,Whse_J,Category_019,10/3/2012,4000
Product_1279,Whse_J,Category_019,9/20/2012,2000
Product_1394,Whse_J,Category_019,9/20/2012,2000
Product_1511,Whse_J,Category_019,9/20/2012,2000
Product_1349,Whse_J,Category_019,8/20/2012,1000
Product_1360,Whse_J,Category_019,8/20/2012,1000
Product_0832,Whse_J,Category_019,8/23/2012,2000
Product_1394,Whse_J,Category_019,9/25/2012,2000
Product_1279,Whse_J,Category_019,9/26/2012,2000
Product_1511,Whse_J,Category_019,9/26/2012,2000
Product_1279,Whse_J,Category_019,10/3/2012,1000
Product_1349,Whse_J,Category_019,8/23/2012,5000
Product_1312,Whse_J,Category_019,8/28/2012,300
Product_1391,Whse_J,Category_019,8/28/2012,300
Product_1994,Whse_J,Category_019,8/28/2012,300
Product_1387,Whse_J,Category_019,8/31/2012,4000
Product_1469,Whse_J,Category_019,8/28/2012,100
Product_1280,Whse_J,Category_019,10/10/2012,1000
Product_1387,Whse_J,Category_019,9/18/2012,5000
Product_1430,Whse_J,Category_019,9/4/2012,100
Product_1349,Whse_J,Category_019,9/5/2012,5000
Product_1394,Whse_J,Category_019,9/18/2012,2000
Product_1394,Whse_J,Category_019,9/20/2012,2000
Product_1279,Whse_J,Category_019,9/18/2012,2000
Product_1511,Whse_J,Category_019,9/18/2012,2000
Product_1279,Whse_J,Category_019,9/20/2012,2000
Product_1511,Whse_J,Category_019,9/20/2012,2000
Product_1349,Whse_J,Category_019,10/3/2012,2000
Product_1349,Whse_J,Category_019,9/10/2012,2000
Product_1406,Whse_J,Category_019,9/10/2012,2000
Product_1279,Whse_J,Category_019,9/11/2012,2000
Product_1394,Whse_J,Category_019,9/11/2012,4000
Product_1279,Whse_J,Category_019,9/12/2012,2000
Product_1394,Whse_J,Category_019,9/12/2012,2000
Product_1394,Whse_J,Category_019,10/11/2012,2000
Product_1394,Whse_J,Category_019,10/18/2012,2000
Product_1394,Whse_J,Category_019,10/25/2012,2000
Product_1279,Whse_J,Category_019,10/11/2012,2000
Product_1279,Whse_J,Category_019,10/18/2012,2000
Product_1279,Whse_J,Category_019,10/25/2012,2000
Product_1511,Whse_J,Category_019,10/11/2012,2000
Product_1511,Whse_J,Category_019,9/18/2012,2000
Product_1511,Whse_J,Category_019,10/25/2012,2000
Product_1387,Whse_J,Category_019,9/18/2012,2000
Product_1391,Whse_J,Category_019,9/20/2012,300
Product_1279,Whse_J,Category_019,9/25/2012,4000
Product_1394,Whse_J,Category_019,9/25/2012,4000
Product_1463,Whse_J,Category_019,10/22/2012,100
Product_1349,Whse_J,Category_019,10/11/2012,3000
Product_1512,Whse_J,Category_019,10/31/2012,300
Product_1262,Whse_J,Category_019,11/1/2012,100
Product_1349,Whse_J,Category_019,10/31/2012,1000
Product_1349,Whse_J,Category_019,11/5/2012,2000
Product_1387,Whse_J,Category_019,11/5/2012,2000
Product_1275,Whse_J,Category_019,12/19/2012,100
Product_1702,Whse_J,Category_026,3/14/2012,1
Product_1702,Whse_J,Category_026,3/8/2012,1
Product_1705,Whse_J,Category_026,3/8/2012,2
Product_1705,Whse_J,Category_026,3/14/2012,2
Product_1658,Whse_J,Category_026,3/8/2012,12
Product_1658,Whse_J,Category_026,3/14/2012,12
Product_1705,Whse_J,Category_026,4/12/2012,2
Product_1702,Whse_J,Category_026,4/12/2012,1
Product_1658,Whse_J,Category_026,4/11/2012,12
Product_1702,Whse_J,Category_026,7/3/2012,1
Product_1705,Whse_J,Category_026,7/3/2012,2
Product_1658,Whse_J,Category_026,7/4/2012,12
Product_1702,Whse_J,Category_026,9/12/2012,1
Product_1705,Whse_J,Category_026,9/12/2012,2
Product_1658,Whse_J,Category_026,9/12/2012,12
Product_1702,Whse_J,Category_026,9/20/2012,1
Product_1705,Whse_J,Category_026,9/20/2012,2
Product_1702,Whse_J,Category_026,9/26/2012,1
Product_1705,Whse_J,Category_026,9/26/2012,2
Product_1658,Whse_J,Category_026,9/20/2012,12
Product_1658,Whse_J,Category_026,9/26/2012,12
Product_1702,Whse_J,Category_026,9/11/2012,1
Product_1702,Whse_J,Category_026,10/18/2012,1
Product_1702,Whse_J,Category_026,10/25/2012,1
Product_1705,Whse_J,Category_026,10/11/2012,2
Product_1705,Whse_J,Category_026,10/18/2012,2
Product_1705,Whse_J,Category_026,10/25/2012,2
Product_1658,Whse_J,Category_026,9/11/2012,12
Product_1657,Whse_J,Category_026,11/19/2012,12
Product_0930,Whse_J,Category_006,2/16/2012,1000
Product_1286,Whse_J,Category_019,6/3/2012,100
Product_1248,Whse_J,Category_019,5/1/2012,20000
Product_1241,Whse_J,Category_019,4/6/2012,10000
Product_1241,Whse_J,Category_019,9/4/2012,20000
Product_1248,Whse_J,Category_019,11/20/2012,50000
Product_0608,Whse_J,Category_001,12/7/2012,10
Product_0608,Whse_J,Category_001,1/13/2012,10
Product_0608,Whse_J,Category_001,1/26/2012,10
Product_0608,Whse_J,Category_001,1/31/2012,10
Product_0608,Whse_J,Category_001,2/29/2012,10
Product_0608,Whse_J,Category_001,3/15/2012,10
Product_0608,Whse_J,Category_001,3/21/2012,10
Product_0608,Whse_J,Category_001,4/4/2012,10
Product_0608,Whse_J,Category_001,4/11/2012,10
Product_0608,Whse_J,Category_001,4/19/2012,10
Product_0608,Whse_J,Category_001,5/7/2012,10
Product_0608,Whse_J,Category_001,5/7/2012,10
Product_0608,Whse_J,Category_001,5/15/2012,10
Product_0608,Whse_J,Category_001,6/1/2012,10
Product_0608,Whse_J,Category_001,6/5/2012,10
Product_0620,Whse_J,Category_001,6/14/2012,3
Product_0608,Whse_J,Category_001,6/22/2012,10
Product_0608,Whse_J,Category_001,7/12/2012,10
Product_0608,Whse_J,Category_001,7/13/2012,10
Product_0608,Whse_J,Category_001,8/9/2012,10
Product_0608,Whse_J,Category_001,8/24/2012,10
Product_0608,Whse_J,Category_001,9/10/2012,10
Product_0608,Whse_J,Category_001,9/14/2012,10
Product_0608,Whse_J,Category_001,10/2/2012,10
Product_0608,Whse_J,Category_001,10/3/2012,10
Product_0608,Whse_J,Category_001,10/18/2012,10
Product_0608,Whse_J,Category_001,10/22/2012,10
Product_0608,Whse_J,Category_001,11/2/2012,10
Product_0608,Whse_J,Category_001,11/20/2012,10
Product_0608,Whse_J,Category_001,11/26/2012,10
Product_0608,Whse_J,Category_001,12/14/2012,10
Product_1359,Whse_J,Category_019,1/6/2012,50000
Product_1274,Whse_J,Category_019,1/18/2012,25000
Product_1248,Whse_J,Category_019,1/27/2012,50000
Product_1359,Whse_J,Category_019,2/7/2012,50000
Product_1359,Whse_J,Category_019,3/26/2012,50000
Product_1359,Whse_J,Category_019,4/17/2012,50000
Product_1359,Whse_J,Category_019,5/21/2012,50000
Product_1248,Whse_J,Category_019,5/28/2012,50000
Product_1274,Whse_J,Category_019,6/19/2012,25000
Product_1359,Whse_J,Category_019,7/4/2012,50000
Product_1359,Whse_J,Category_019,7/27/2012,1000
Product_1359,Whse_J,Category_019,8/27/2012,50000
Product_1194,Whse_J,Category_019,1/11/2012,1000
Product_1194,Whse_J,Category_019,2/8/2012,500
Product_1194,Whse_J,Category_019,2/27/2012,500
Product_1194,Whse_J,Category_019,2/27/2012,1000
Product_1194,Whse_J,Category_019,3/22/2012,1000
Product_1194,Whse_J,Category_019,4/12/2012,1000
Product_1194,Whse_J,Category_019,4/25/2012,500
Product_1194,Whse_J,Category_019,5/30/2012,1000
Product_1194,Whse_J,Category_019,5/29/2012,1000
Product_1194,Whse_J,Category_019,6/8/2012,1000
Product_1194,Whse_J,Category_019,7/9/2012,5500
Product_1194,Whse_J,Category_019,7/9/2012,4500
Product_1194,Whse_J,Category_019,7/27/2012,1000
Product_1194,Whse_J,Category_019,8/9/2012,1000
Product_1194,Whse_J,Category_019,8/31/2012,1000
Product_1194,Whse_J,Category_019,8/29/2012,500
Product_1194,Whse_J,Category_019,9/25/2012,1000
Product_1194,Whse_J,Category_019,11/21/2012,100
Product_1194,Whse_J,Category_019,11/26/2012,1000
Product_1194,Whse_J,Category_019,11/28/2012,1000
Product_1194,Whse_J,Category_019,11/30/2012,1000
Product_1194,Whse_J,Category_019,12/26/2012,1000
Product_1286,Whse_J,Category_019,2/1/2012,1000
Product_1935,Whse_S,Category_001,12/29/2011,3
Product_1935,Whse_S,Category_001,12/30/2011,1
Product_1935,Whse_S,Category_001,5/21/2012,1
Product_1935,Whse_S,Category_001,5/29/2012,1
Product_1935,Whse_S,Category_001,6/28/2012,1
Product_1935,Whse_S,Category_001,8/21/2012,1
Product_1935,Whse_S,Category_001,8/27/2012,1
Product_1935,Whse_S,Category_001,8/27/2012,1
Product_1935,Whse_S,Category_001,9/11/2012,1
Product_1935,Whse_S,Category_001,9/6/2012,1
Product_1935,Whse_S,Category_001,9/25/2012,2
Product_1935,Whse_S,Category_001,10/2/2012,3
Product_1935,Whse_S,Category_001,10/23/2012,1
Product_1935,Whse_S,Category_001,11/27/2012,1
Product_1935,Whse_S,Category_001,12/11/2012,2
Product_1281,Whse_S,Category_019,1/2/2012,58000
Product_1281,Whse_S,Category_019,1/30/2012,36000
Product_1355,Whse_S,Category_019,1/2/2012,5000
Product_1281,Whse_S,Category_019,2/6/2012,10000
Product_1281,Whse_S,Category_019,3/5/2012,23000
Product_1355,Whse_S,Category_019,1/16/2012,2000
Product_1281,Whse_S,Category_019,3/12/2012,59000
Product_1355,Whse_S,Category_019,1/30/2012,5000
Product_1281,Whse_S,Category_019,3/19/2012,5000
Product_1281,Whse_S,Category_019,4/8/2012,20000
Product_1355,Whse_S,Category_019,2/26/2012,14000
Product_1355,Whse_S,Category_019,3/18/2012,5000
Product_1281,Whse_S,Category_019,4/8/2012,40000
Product_1355,Whse_S,Category_019,3/4/2012,26000
Product_1281,Whse_S,Category_019,5/1/2012,30000
Product_1281,Whse_S,Category_019,5/15/2012,40000
Product_1355,Whse_S,Category_019,3/22/2012,24000
Product_1281,Whse_S,Category_019,5/22/2012,10000
Product_1355,Whse_S,Category_019,4/16/2012,4000
Product_1355,Whse_S,Category_019,4/10/2012,12000
Product_1355,Whse_S,Category_019,5/3/2012,18000
Product_1281,Whse_S,Category_019,6/12/2012,40000
Product_1355,Whse_S,Category_019,5/29/2012,5000
Product_1355,Whse_S,Category_019,6/19/2012,5000
Product_1281,Whse_S,Category_019,7/10/2012,20000
Product_1355,Whse_S,Category_019,6/19/2012,12000
Product_1355,Whse_S,Category_019,6/26/2012,22000
Product_1355,Whse_S,Category_019,6/21/2012,14000
Product_1281,Whse_S,Category_019,7/17/2012,15000
Product_1281,Whse_S,Category_019,8/14/2012,35000
Product_1355,Whse_S,Category_019,7/3/2012,8000
Product_1281,Whse_S,Category_019,8/14/2012,5000
Product_1355,Whse_S,Category_019,7/13/2012,1000
Product_1281,Whse_S,Category_019,8/28/2012,20000
Product_1281,Whse_S,Category_019,9/11/2012,5000
Product_1355,Whse_S,Category_019,9/11/2012,15000
Product_1355,Whse_S,Category_019,9/6/2012,10000
Product_1355,Whse_S,Category_019,10/2/2012,5000
Product_1281,Whse_S,Category_019,10/16/2012,5000
Product_1281,Whse_S,Category_019,11/5/2012,5000
Product_1281,Whse_S,Category_019,9/25/2012,5000
Product_1281,Whse_S,Category_019,10/9/2012,5000
Product_1281,Whse_S,Category_019,11/5/2012,20000
Product_1281,Whse_S,Category_019,10/23/2012,30000
Product_1355,Whse_S,Category_019,10/23/2012,5000
Product_1281,Whse_S,Category_019,10/29/2012,20000
Product_1281,Whse_S,Category_019,11/5/2012,20000
Product_1281,Whse_S,Category_019,11/19/2012,20000
Product_1281,Whse_S,Category_019,11/26/2012,20000
Product_1355,Whse_S,Category_019,11/6/2012,1000
Product_1281,Whse_S,Category_019,12/11/2012,27000
Product_1281,Whse_S,Category_019,12/11/2012,40000
Product_1355,Whse_S,Category_019,12/18/2012,8000
Product_1355,Whse_S,Category_019,12/25/2012,3000
Product_0084,Whse_S,Category_019,1/19/2012,290000
Product_0084,Whse_S,Category_019,2/12/2012,200000
Product_1350,Whse_S,Category_019,2/12/2012,60000
Product_0084,Whse_S,Category_019,3/19/2012,200000
Product_1350,Whse_S,Category_019,3/19/2012,50000
Product_0084,Whse_S,Category_019,4/11/2012,150000
Product_1350,Whse_S,Category_019,4/11/2012,50000
Product_0084,Whse_S,Category_019,5/18/2012,200000
Product_1350,Whse_S,Category_019,5/18/2012,30000
Product_0084,Whse_S,Category_019,6/7/2012,200000
Product_1350,Whse_S,Category_019,6/7/2012,40000
Product_0084,Whse_S,Category_019,7/9/2012,170000
Product_1350,Whse_S,Category_019,7/9/2012,30000
Product_0084,Whse_S,Category_019,8/7/2012,250000
Product_1350,Whse_S,Category_019,8/7/2012,60000
Product_0084,Whse_S,Category_019,9/7/2012,222000
Product_0084,Whse_S,Category_019,9/7/2012,70000
Product_0084,Whse_S,Category_019,9/7/2012,8000
Product_1350,Whse_S,Category_019,9/7/2012,40000
Product_0084,Whse_S,Category_019,10/8/2012,160000
Product_1350,Whse_S,Category_019,10/8/2012,20000
Product_0084,Whse_S,Category_019,11/6/2012,180000
Product_1350,Whse_S,Category_019,11/6/2012,80000
Product_0084,Whse_S,Category_019,12/7/2012,140000
Product_1350,Whse_S,Category_019,12/7/2012,40000
Product_0894,Whse_C,Category_023,7/9/2012,100
Product_0561,Whse_C,Category_030,8/15/2012,100
Product_0561,Whse_C,Category_030,8/20/2012,400
Product_0071,Whse_S,Category_019,5/28/2012,55000
Product_0083,Whse_S,Category_019,5/28/2012,73000
Product_0083,Whse_S,Category_019,8/22/2012,5000
Product_0071,Whse_S,Category_019,11/2/2012,5000
Product_0643,Whse_S,Category_028,2/15/2012,2
Product_0643,Whse_S,Category_028,8/27/2012,1
Product_1278,Whse_C,Category_019,2/10/2012,5000
Product_1238,Whse_C,Category_019,3/8/2012,1750
Product_1278,Whse_C,Category_019,3/28/2012,9000
Product_1278,Whse_C,Category_019,5/17/2012,3000
Product_1278,Whse_C,Category_019,5/25/2012,2000
Product_1439,Whse_C,Category_019,6/4/2012,12000
Product_1439,Whse_C,Category_019,6/26/2012,5000
Product_1278,Whse_C,Category_019,7/3/2012,5000
Product_1439,Whse_C,Category_019,7/6/2012,11000
Product_1439,Whse_C,Category_019,7/6/2012,8000
Product_1439,Whse_C,Category_019,7/11/2012,2000
Product_1278,Whse_C,Category_019,7/16/2012,3000
Product_1439,Whse_C,Category_019,8/21/2012,4000
Product_1278,Whse_C,Category_019,8/29/2012,2000
Product_0642,Whse_C,Category_019,9/18/2012,1
Product_1278,Whse_C,Category_019,10/8/2012,10000
Product_1835,Whse_C,Category_006,12/27/2011,10000
Product_1823,Whse_C,Category_006,1/3/2012,15000
Product_1823,Whse_C,Category_006,1/3/2012,20000
Product_1823,Whse_C,Category_006,1/12/2012,45000
Product_1835,Whse_C,Category_006,1/12/2012,15000
Product_1823,Whse_C,Category_006,2/3/2012,35000
Product_1823,Whse_C,Category_006,2/14/2012,15000
Product_1823,Whse_C,Category_006,2/14/2012,15000
Product_1835,Whse_C,Category_006,2/17/2012,10000
Product_1823,Whse_C,Category_006,3/19/2012,5000
Product_1835,Whse_C,Category_006,3/19/2012,5000
Product_1823,Whse_C,Category_006,3/29/2012,20000
Product_1835,Whse_C,Category_006,3/29/2012,15000
Product_1823,Whse_C,Category_006,4/9/2012,25000
Product_1823,Whse_C,Category_006,4/12/2012,25000
Product_1835,Whse_C,Category_006,4/12/2012,15000
Product_1823,Whse_C,Category_006,5/4/2012,25000
Product_1823,Whse_C,Category_006,5/9/2012,5000
Product_1835,Whse_C,Category_006,5/9/2012,15000
Product_1823,Whse_C,Category_006,5/16/2012,25000
Product_1835,Whse_C,Category_006,5/30/2012,20000
Product_1823,Whse_C,Category_006,6/7/2012,30000
Product_1835,Whse_C,Category_006,6/7/2012,20000
Product_1823,Whse_C,Category_006,6/20/2012,25000
Product_1823,Whse_C,Category_006,6/22/2012,20000
Product_1835,Whse_C,Category_006,6/22/2012,25000
Product_1823,Whse_C,Category_006,7/13/2012,35000
Product_1835,Whse_C,Category_006,7/13/2012,25000
Product_1823,Whse_C,Category_006,7/16/2012,25000
Product_1823,Whse_C,Category_006,7/23/2012,20000
Product_1823,Whse_C,Category_006,8/6/2012,25000
Product_1823,Whse_C,Category_006,8/13/2012,20000
Product_1835,Whse_C,Category_006,8/13/2012,25000
Product_1823,Whse_C,Category_006,8/16/2012,20000
Product_1835,Whse_C,Category_006,8/16/2012,5000
Product_1823,Whse_C,Category_006,9/3/2012,20000
Product_1823,Whse_C,Category_006,9/10/2012,20000
Product_1823,Whse_C,Category_006,9/20/2012,5000
Product_1835,Whse_C,Category_006,9/20/2012,15000
Product_1823,Whse_C,Category_006,10/8/2012,25000
Product_1823,Whse_C,Category_006,10/10/2012,10000
Product_1835,Whse_C,Category_006,10/10/2012,10000
Product_1823,Whse_C,Category_006,10/16/2012,35000
Product_1835,Whse_C,Category_006,10/24/2012,5000
Product_1823,Whse_C,Category_006,10/26/2012,30000
Product_1835,Whse_C,Category_006,10/26/2012,10000
Product_1835,Whse_C,Category_006,11/9/2012,5000
Product_1823,Whse_C,Category_006,11/14/2012,10000
Product_1823,Whse_C,Category_006,11/23/2012,5000
Product_1835,Whse_C,Category_006,11/23/2012,5000
Product_1823,Whse_C,Category_006,12/4/2012,10000
Product_1835,Whse_C,Category_006,12/4/2012,5000
Product_1823,Whse_C,Category_006,12/12/2012,10000
Product_1823,Whse_C,Category_006,12/19/2012,10000
Product_1835,Whse_C,Category_006,12/19/2012,5000
Product_0444,Whse_S,Category_015,10/10/2012,20
Product_0444,Whse_S,Category_015,10/10/2012,16
Product_0535,Whse_S,Category_022,10/3/2012,1
Product_0533,Whse_S,Category_022,11/7/2012,5
Product_0542,Whse_S,Category_022,11/7/2012,5
Product_1016,Whse_S,Category_007,1/3/2012,300
Product_0179,Whse_S,Category_007,1/4/2012,500
Product_1886,Whse_S,Category_007,2/7/2012,1000
Product_0224,Whse_S,Category_007,2/21/2012,50
Product_0215,Whse_S,Category_007,2/21/2012,500
Product_1886,Whse_S,Category_007,2/21/2012,100
Product_1886,Whse_S,Category_007,9/4/2012,300
Product_0178,Whse_S,Category_007,9/19/2012,200
Product_0179,Whse_S,Category_007,9/19/2012,500
Product_2128,Whse_S,Category_009,2/21/2012,20
Product_2118,Whse_S,Category_009,3/14/2012,200
Product_2118,Whse_S,Category_009,3/14/2012,600
Product_2118,Whse_S,Category_009,6/13/2012,300
Product_2118,Whse_S,Category_009,8/27/2012,200
Product_2118,Whse_S,Category_009,9/24/2012,10
Product_2118,Whse_S,Category_009,11/18/2012,500
Product_2133,Whse_S,Category_009,11/18/2012,50
Product_0288,Whse_S,Category_021,3/21/2012,2000
Product_0171,Whse_S,Category_021,11/7/2012,20
Product_0171,Whse_S,Category_021,11/19/2012,80
Product_0171,Whse_S,Category_021,12/19/2012,100
Product_1149,Whse_J,Category_006,1/11/2012,5000
Product_1158,Whse_J,Category_006,3/14/2012,1000
Product_1158,Whse_J,Category_006,12/4/2012,1000
Product_1359,Whse_J,Category_019,1/5/2012,2000
Product_1359,Whse_J,Category_019,1/11/2012,1000
Product_1359,Whse_J,Category_019,1/10/2012,1000
Product_1359,Whse_J,Category_019,1/13/2012,75000
Product_1359,Whse_J,Category_019,1/26/2012,1000
Product_1359,Whse_J,Category_019,1/13/2012,1000
Product_1359,Whse_J,Category_019,1/16/2012,75000
Product_1359,Whse_J,Category_019,1/17/2012,1000
Product_1359,Whse_J,Category_019,1/24/2012,1000
Product_1359,Whse_J,Category_019,1/20/2012,1000
Product_1359,Whse_J,Category_019,1/19/2012,75000
Product_1359,Whse_J,Category_019,2/1/2012,20000
Product_1359,Whse_J,Category_019,2/6/2012,1000
Product_1359,Whse_J,Category_019,1/25/2012,75000
Product_1359,Whse_J,Category_019,1/25/2012,1000
Product_1359,Whse_J,Category_019,2/2/2012,1000
Product_1359,Whse_J,Category_019,1/25/2012,750000
Product_1359,Whse_J,Category_019,1/27/2012,75000
Product_1359,Whse_J,Category_019,1/30/2012,225000
Product_1359,Whse_J,Category_019,2/7/2012,2000
Product_1359,Whse_J,Category_019,2/2/2012,1000
Product_1359,Whse_J,Category_019,2/2/2012,75000
Product_1359,Whse_J,Category_019,2/20/2012,1000
Product_1359,Whse_J,Category_019,2/8/2012,75000
Product_1359,Whse_J,Category_019,2/9/2012,75000
Product_1359,Whse_J,Category_019,2/9/2012,300000
Product_1359,Whse_J,Category_019,2/10/2012,1000
Product_1359,Whse_J,Category_019,2/14/2012,75000
Product_1359,Whse_J,Category_019,2/22/2012,2000
Product_1359,Whse_J,Category_019,2/22/2012,1000
Product_1359,Whse_J,Category_019,2/16/2012,75000
Product_1359,Whse_J,Category_019,2/17/2012,1000
Product_1359,Whse_J,Category_019,2/20/2012,75000
Product_1359,Whse_J,Category_019,2/23/2012,75000
Product_1359,Whse_J,Category_019,2/27/2012,75000
Product_1359,Whse_J,Category_019,2/27/2012,1000
Product_1359,Whse_J,Category_019,3/9/2012,1000
Product_1359,Whse_J,Category_019,3/8/2012,1000
Product_1359,Whse_J,Category_019,3/1/2012,150000
Product_1359,Whse_J,Category_019,3/2/2012,75000
Product_1359,Whse_J,Category_019,3/5/2012,150000
Product_1359,Whse_J,Category_019,3/5/2012,1000
Product_1359,Whse_J,Category_019,3/14/2012,2000
Product_1359,Whse_J,Category_019,3/8/2012,2000
Product_1359,Whse_J,Category_019,3/14/2012,1000
Product_1359,Whse_J,Category_019,3/8/2012,75000
Product_1359,Whse_J,Category_019,3/12/2012,1000
Product_1359,Whse_J,Category_019,3/13/2012,75000
Product_1359,Whse_J,Category_019,3/16/2012,150000
Product_1359,Whse_J,Category_019,4/10/2012,1000
Product_1359,Whse_J,Category_019,3/19/2012,1000
Product_1359,Whse_J,Category_019,3/21/2012,75000
Product_1359,Whse_J,Category_019,3/22/2012,5000
Product_1359,Whse_J,Category_019,3/26/2012,75000
Product_1359,Whse_J,Category_019,3/27/2012,75000
Product_1359,Whse_J,Category_019,3/27/2012,1000
Product_1359,Whse_J,Category_019,4/12/2012,6000
Product_1359,Whse_J,Category_019,4/4/2012,2000
Product_1359,Whse_J,Category_019,3/30/2012,150000
Product_1359,Whse_J,Category_019,4/3/2012,75000
Product_1359,Whse_J,Category_019,4/3/2012,1000
Product_1359,Whse_J,Category_019,4/5/2012,150000
Product_1359,Whse_J,Category_019,4/10/2012,75000
Product_1359,Whse_J,Category_019,5/1/2012,2000
Product_1359,Whse_J,Category_019,4/11/2012,75000
Product_1359,Whse_J,Category_019,4/11/2012,1000
Product_1359,Whse_J,Category_019,4/13/2012,150000
Product_1359,Whse_J,Category_019,4/13/2012,1000
Product_1359,Whse_J,Category_019,4/16/2012,3000
Product_1359,Whse_J,Category_019,4/17/2012,75000
Product_1359,Whse_J,Category_019,5/8/2012,20000
Product_1359,Whse_J,Category_019,4/18/2012,75000
Product_1359,Whse_J,Category_019,4/18/2012,2000
Product_1359,Whse_J,Category_019,4/20/2012,75000
Product_1359,Whse_J,Category_019,4/23/2012,1000
Product_1359,Whse_J,Category_019,5/16/2012,1000
Product_1359,Whse_J,Category_019,4/24/2012,75000
Product_1359,Whse_J,Category_019,4/25/2012,525000
Product_1359,Whse_J,Category_019,5/1/2012,1000
Product_1359,Whse_J,Category_019,5/15/2012,2000
Product_1359,Whse_J,Category_019,5/1/2012,75000
Product_1359,Whse_J,Category_019,5/7/2012,225000
Product_1359,Whse_J,Category_019,5/9/2012,75000
Product_1359,Whse_J,Category_019,5/17/2012,1000
Product_1359,Whse_J,Category_019,5/10/2012,300000
Product_1359,Whse_J,Category_019,5/14/2012,150000
Product_1359,Whse_J,Category_019,5/14/2012,1000
Product_1359,Whse_J,Category_019,5/16/2012,75000
Product_1359,Whse_J,Category_019,5/25/2012,1000
Product_1359,Whse_J,Category_019,5/23/2012,1000
Product_1359,Whse_J,Category_019,5/21/2012,1000
Product_1359,Whse_J,Category_019,5/22/2012,75000
Product_1359,Whse_J,Category_019,5/23/2012,75000
Product_1359,Whse_J,Category_019,5/24/2012,225000
Product_1359,Whse_J,Category_019,6/6/2012,1000
Product_1359,Whse_J,Category_019,5/25/2012,150000
Product_1359,Whse_J,Category_019,5/28/2012,1000
Product_1359,Whse_J,Category_019,6/7/2012,2000
Product_1359,Whse_J,Category_019,5/29/2012,5000
Product_1359,Whse_J,Category_019,5/30/2012,1000
Product_1359,Whse_J,Category_019,6/6/2012,1000
Product_1359,Whse_J,Category_019,6/4/2012,75000
Product_1359,Whse_J,Category_019,6/4/2012,1000
Product_1359,Whse_J,Category_019,6/15/2012,1000
Product_1359,Whse_J,Category_019,6/18/2012,1000
Product_1359,Whse_J,Category_019,6/6/2012,75000
Product_1359,Whse_J,Category_019,6/6/2012,1000
Product_1359,Whse_J,Category_019,6/7/2012,75000
Product_1359,Whse_J,Category_019,6/11/2012,75000
Product_1359,Whse_J,Category_019,6/12/2012,1000
Product_1359,Whse_J,Category_019,6/13/2012,1000
Product_1359,Whse_J,Category_019,6/20/2012,1000
Product_1359,Whse_J,Category_019,6/14/2012,375000
Product_1359,Whse_J,Category_019,6/18/2012,75000
Product_1359,Whse_J,Category_019,6/19/2012,75000
Product_1359,Whse_J,Category_019,6/19/2012,1000
Product_1359,Whse_J,Category_019,6/20/2012,75000
Product_1359,Whse_J,Category_019,6/27/2012,1000
Product_1359,Whse_J,Category_019,6/21/2012,75000
Product_1359,Whse_J,Category_019,7/6/2012,1000
Product_1359,Whse_J,Category_019,6/22/2012,10000
Product_1359,Whse_J,Category_019,9/6/2012,1000
Product_1359,Whse_J,Category_019,7/3/2012,2000
Product_1359,Whse_J,Category_019,6/27/2012,75000
Product_1359,Whse_J,Category_019,6/27/2012,1000
Product_1359,Whse_J,Category_019,6/28/2012,75000
Product_1359,Whse_J,Category_019,6/29/2012,75000
Product_1359,Whse_J,Category_019,6/29/2012,1000
Product_1359,Whse_J,Category_019,7/4/2012,75000
Product_1359,Whse_J,Category_019,7/5/2012,75000
Product_1359,Whse_J,Category_019,7/17/2012,1000
Product_1359,Whse_J,Category_019,7/9/2012,1000
Product_1359,Whse_J,Category_019,7/10/2012,75000
Product_1359,Whse_J,Category_019,7/25/2012,1000
Product_1359,Whse_J,Category_019,7/11/2012,75000
Product_1359,Whse_J,Category_019,7/18/2012,1000
Product_1359,Whse_J,Category_019,7/13/2012,75000
Product_1359,Whse_J,Category_019,7/18/2012,300000
Product_1359,Whse_J,Category_019,7/19/2012,75000
Product_1359,Whse_J,Category_019,7/19/2012,1000
Product_1359,Whse_J,Category_019,7/27/2012,1000
Product_1359,Whse_J,Category_019,7/24/2012,75000
Product_1359,Whse_J,Category_019,7/24/2012,1000
Product_1359,Whse_J,Category_019,7/31/2012,1000
Product_1359,Whse_J,Category_019,7/26/2012,3000
Product_1359,Whse_J,Category_019,7/30/2012,75000
Product_1359,Whse_J,Category_019,7/31/2012,75000
Product_1359,Whse_J,Category_019,8/1/2012,10000
Product_1359,Whse_J,Category_019,8/2/2012,1000
Product_1359,Whse_J,Category_019,8/7/2012,75000
Product_1359,Whse_J,Category_019,8/7/2012,1000
Product_1359,Whse_J,Category_019,8/20/2012,1000
Product_1359,Whse_J,Category_019,8/9/2012,75000
Product_1359,Whse_J,Category_019,8/20/2012,75000
Product_1359,Whse_J,Category_019,8/21/2012,1000
Product_1359,Whse_J,Category_019,8/31/2012,20000
Product_1359,Whse_J,Category_019,8/22/2012,150000
Product_1359,Whse_J,Category_019,8/28/2012,1000
Product_1359,Whse_J,Category_019,8/29/2012,75000
Product_1359,Whse_J,Category_019,8/30/2012,150000
Product_1359,Whse_J,Category_019,8/30/2012,3000
Product_1359,Whse_J,Category_019,8/31/2012,75000
Product_1359,Whse_J,Category_019,9/14/2012,1000
Product_1359,Whse_J,Category_019,9/4/2012,75000
Product_1359,Whse_J,Category_019,9/11/2012,1000
Product_1359,Whse_J,Category_019,9/6/2012,75000
Product_1359,Whse_J,Category_019,9/12/2012,1000
Product_1359,Whse_J,Category_019,9/12/2012,300000
Product_1359,Whse_J,Category_019,9/14/2012,75000
Product_1359,Whse_J,Category_019,9/14/2012,1000
Product_1359,Whse_J,Category_019,9/18/2012,75000
Product_1359,Whse_J,Category_019,9/18/2012,20000
Product_1359,Whse_J,Category_019,9/19/2012,75000
Product_1359,Whse_J,Category_019,9/20/2012,150000
Product_1359,Whse_J,Category_019,9/25/2012,1000
Product_1359,Whse_J,Category_019,9/21/2012,150000
Product_1359,Whse_J,Category_019,9/25/2012,75000
Product_1359,Whse_J,Category_019,9/25/2012,1000
Product_1359,Whse_J,Category_019,9/27/2012,75000
Product_1359,Whse_J,Category_019,9/28/2012,150000
Product_1359,Whse_J,Category_019,10/2/2012,75000
Product_1359,Whse_J,Category_019,10/12/2012,1000
Product_1359,Whse_J,Category_019,10/2/2012,1000
Product_1359,Whse_J,Category_019,10/3/2012,1000
Product_1359,Whse_J,Category_019,10/3/2012,2000
Product_1359,Whse_J,Category_019,10/5/2012,1000
Product_1359,Whse_J,Category_019,10/9/2012,75000
Product_1359,Whse_J,Category_019,10/9/2012,75000
Product_1359,Whse_J,Category_019,10/11/2012,75000
Product_1359,Whse_J,Category_019,10/26/2012,1000
Product_1359,Whse_J,Category_019,10/15/2012,1000
Product_1359,Whse_J,Category_019,10/24/2012,1000
Product_1359,Whse_J,Category_019,10/17/2012,75000
Product_1359,Whse_J,Category_019,10/24/2012,1000
Product_1359,Whse_J,Category_019,10/17/2012,150000
Product_1359,Whse_J,Category_019,10/19/2012,75000
Product_1359,Whse_J,Category_019,10/22/2012,1000
Product_1359,Whse_J,Category_019,10/23/2012,1000
Product_1359,Whse_J,Category_019,10/26/2012,75000
Product_1359,Whse_J,Category_019,11/1/2012,1000
Product_1359,Whse_J,Category_019,11/1/2012,150000
Product_1359,Whse_J,Category_019,11/1/2012,2000
Product_1359,Whse_J,Category_019,11/2/2012,225000
Product_1359,Whse_J,Category_019,11/5/2012,1000
Product_1359,Whse_J,Category_019,11/9/2012,11000
Product_1359,Whse_J,Category_019,11/8/2012,1000
Product_1359,Whse_J,Category_019,11/12/2012,75000
Product_1359,Whse_J,Category_019,11/16/2012,75000
Product_1359,Whse_J,Category_019,11/19/2012,1000
Product_1359,Whse_J,Category_019,11/19/2012,75000
Product_1359,Whse_J,Category_019,11/21/2012,1000
Product_1359,Whse_J,Category_019,11/26/2012,75000
Product_1359,Whse_J,Category_019,11/27/2012,1000
Product_1359,Whse_J,Category_019,11/28/2012,75000
Product_1359,Whse_J,Category_019,11/28/2012,375000
Product_1359,Whse_J,Category_019,12/3/2012,150000
Product_1359,Whse_J,Category_019,12/6/2012,1000
Product_1359,Whse_J,Category_019,12/7/2012,75000
Product_1359,Whse_J,Category_019,12/12/2012,2000
Product_1359,Whse_J,Category_019,12/21/2012,1000
Product_1359,Whse_J,Category_019,12/13/2012,75000
Product_1359,Whse_J,Category_019,12/14/2012,1000
Product_1359,Whse_J,Category_019,12/19/2012,1000
Product_1359,Whse_J,Category_019,12/25/2012,2000
Product_1359,Whse_J,Category_019,12/19/2012,225000
Product_1359,Whse_J,Category_019,12/21/2012,75000
Product_1359,Whse_J,Category_019,12/26/2012,1000
Product_1359,Whse_J,Category_019,12/26/2012,10000
Product_1359,Whse_J,Category_019,12/26/2012,75000
Product_0033,Whse_S,Category_005,12/26/2011,300000
Product_1997,Whse_S,Category_005,12/26/2011,25000
Product_0033,Whse_S,Category_005,11/12/2012,100000
Product_0033,Whse_S,Category_005,12/12/2012,100000
Product_1341,Whse_S,Category_019,1/9/2012,130000
Product_1341,Whse_S,Category_019,1/2/2012,100000
Product_1341,Whse_S,Category_019,1/16/2012,100000
Product_1570,Whse_S,Category_019,1/24/2012,1500
Product_1570,Whse_S,Category_019,2/21/2012,1500
Product_1570,Whse_S,Category_019,2/27/2012,1500
Product_1570,Whse_S,Category_019,3/20/2012,1500
Product_1570,Whse_S,Category_019,3/20/2012,1500
Product_1570,Whse_S,Category_019,3/20/2012,100000
Product_1341,Whse_S,Category_019,3/27/2012,25000
Product_1341,Whse_S,Category_019,3/21/2012,100000
Product_1570,Whse_S,Category_019,4/12/2012,1500
Product_1341,Whse_S,Category_019,4/21/2012,260000
Product_1341,Whse_S,Category_019,4/25/2012,100000
Product_1341,Whse_S,Category_019,6/1/2012,100000
Product_1570,Whse_S,Category_019,6/19/2012,50000
Product_1341,Whse_S,Category_019,6/29/2012,100000
Product_1570,Whse_S,Category_019,7/9/2012,1500
Product_1570,Whse_S,Category_019,8/7/2012,1500
Product_1570,Whse_S,Category_019,8/6/2012,350000
Product_1570,Whse_S,Category_019,8/27/2012,50000
Product_1341,Whse_S,Category_019,8/29/2012,100000
Product_1570,Whse_S,Category_019,9/6/2012,1500
Product_1570,Whse_S,Category_019,9/26/2012,50000
Product_1570,Whse_S,Category_019,9/28/2012,1500
Product_1341,Whse_S,Category_019,11/5/2012,50000
Product_1570,Whse_S,Category_019,10/18/2012,1500
Product_1341,Whse_S,Category_019,10/19/2012,50000
Product_1570,Whse_S,Category_019,10/19/2012,50000
Product_1341,Whse_S,Category_019,10/24/2012,6000
Product_1341,Whse_S,Category_019,11/1/2012,50000
Product_1341,Whse_S,Category_019,11/6/2012,28000
Product_1341,Whse_S,Category_019,11/7/2012,25000
Product_1570,Whse_S,Category_019,11/7/2012,50000
Product_1570,Whse_S,Category_019,11/19/2012,1500
Product_1570,Whse_S,Category_019,11/21/2012,50000
Product_1570,Whse_S,Category_019,12/10/2012,5000
Product_1570,Whse_S,Category_019,12/17/2012,1500
Product_1502,Whse_S,Category_019,7/12/2012,1000
Product_1234,Whse_S,Category_019,1/2/2012,40000
Product_1567,Whse_S,Category_019,1/2/2012,68000
Product_1341,Whse_S,Category_019,1/2/2012,13000
Product_1393,Whse_S,Category_019,1/16/2012,125000
Product_1393,Whse_S,Category_019,1/30/2012,150000
Product_1431,Whse_S,Category_019,1/2/2012,20000
Product_1567,Whse_S,Category_019,1/23/2012,80000
Product_1567,Whse_S,Category_019,1/30/2012,50000
Product_1574,Whse_S,Category_019,12/30/2011,170000
Product_1574,Whse_S,Category_019,1/16/2012,165000
Product_1350,Whse_S,Category_019,1/23/2012,10000
Product_1341,Whse_S,Category_019,1/16/2012,15000
Product_1431,Whse_S,Category_019,1/19/2012,90000
Product_1341,Whse_S,Category_019,2/13/2012,140000
Product_1341,Whse_S,Category_019,1/9/2012,1000
Product_1350,Whse_S,Category_019,2/13/2012,10000
Product_1573,Whse_S,Category_019,1/19/2012,10000
Product_1574,Whse_S,Category_019,1/16/2012,170000
Product_1574,Whse_S,Category_019,1/23/2012,135000
Product_1574,Whse_S,Category_019,1/30/2012,6500
Product_1393,Whse_S,Category_019,1/23/2012,25000
Product_1393,Whse_S,Category_019,2/6/2012,100000
Product_1393,Whse_S,Category_019,2/13/2012,175000
Product_1567,Whse_S,Category_019,2/13/2012,115000
Product_1574,Whse_S,Category_019,2/6/2012,150000
Product_1574,Whse_S,Category_019,2/13/2012,330000
Product_1341,Whse_S,Category_019,1/16/2012,5000
Product_1341,Whse_S,Category_019,2/6/2012,50000
Product_1341,Whse_S,Category_019,2/27/2012,140000
Product_1341,Whse_S,Category_019,1/19/2012,50000
Product_1393,Whse_S,Category_019,2/13/2012,75000
Product_1393,Whse_S,Category_019,2/20/2012,150000
Product_1431,Whse_S,Category_019,2/27/2012,69000
Product_1567,Whse_S,Category_019,2/13/2012,125000
Product_1567,Whse_S,Category_019,2/20/2012,135000
Product_1574,Whse_S,Category_019,2/13/2012,120000
Product_1574,Whse_S,Category_019,2/20/2012,135000
Product_1341,Whse_S,Category_019,1/16/2012,150000
Product_1341,Whse_S,Category_019,2/6/2012,20000
Product_1431,Whse_S,Category_019,1/16/2012,30000
Product_1431,Whse_S,Category_019,1/30/2012,40000
Product_1574,Whse_S,Category_019,2/6/2012,5000
Product_1341,Whse_S,Category_019,3/19/2012,140000
Product_1574,Whse_S,Category_019,1/30/2012,12500
Product_1574,Whse_S,Category_019,2/7/2012,6000
Product_1574,Whse_S,Category_019,2/13/2012,5500
Product_1431,Whse_S,Category_019,3/27/2012,107000
Product_1234,Whse_S,Category_019,2/19/2012,20000
Product_1234,Whse_S,Category_019,2/26/2012,50000
Product_1234,Whse_S,Category_019,3/4/2012,40000
Product_1393,Whse_S,Category_019,2/26/2012,200000
Product_1393,Whse_S,Category_019,3/4/2012,125000
Product_1567,Whse_S,Category_019,2/26/2012,50000
Product_1567,Whse_S,Category_019,3/4/2012,130000
Product_1573,Whse_S,Category_019,2/5/2012,5000
Product_1574,Whse_S,Category_019,2/19/2012,345500
Product_1574,Whse_S,Category_019,2/26/2012,180000
Product_1350,Whse_S,Category_019,2/27/2012,10000
Product_1341,Whse_S,Category_019,2/26/2012,10000
Product_1431,Whse_S,Category_019,2/12/2012,20000
Product_1431,Whse_S,Category_019,2/19/2012,20000
Product_1431,Whse_S,Category_019,2/26/2012,40000
Product_1574,Whse_S,Category_019,2/19/2012,14000
Product_1234,Whse_S,Category_019,3/4/2012,20000
Product_1234,Whse_S,Category_019,3/11/2012,10000
Product_1234,Whse_S,Category_019,3/18/2012,40000
Product_1393,Whse_S,Category_019,3/11/2012,50000
Product_1393,Whse_S,Category_019,3/18/2012,140000
Product_1567,Whse_S,Category_019,3/4/2012,55000
Product_1567,Whse_S,Category_019,3/11/2012,100000
Product_1567,Whse_S,Category_019,3/18/2012,40000
Product_1574,Whse_S,Category_019,2/19/2012,6000
Product_1574,Whse_S,Category_019,3/4/2012,180000
Product_1574,Whse_S,Category_019,3/11/2012,165000
Product_1341,Whse_S,Category_019,2/19/2012,100000
Product_1341,Whse_S,Category_019,4/1/2012,12000
Product_1393,Whse_S,Category_019,2/19/2012,5000
Product_1341,Whse_S,Category_019,2/19/2012,200000
Product_1350,Whse_S,Category_019,2/19/2012,4000
Product_1341,Whse_S,Category_019,4/15/2012,50000
Product_1341,Whse_S,Category_019,5/20/2012,50000
Product_1393,Whse_S,Category_019,3/4/2012,19000
Product_1431,Whse_S,Category_019,4/15/2012,100000
Product_1431,Whse_S,Category_019,5/20/2012,50000
Product_1393,Whse_S,Category_019,3/11/2012,120000
Product_1567,Whse_S,Category_019,3/11/2012,60000
Product_1567,Whse_S,Category_019,3/26/2012,135000
Product_1574,Whse_S,Category_019,3/11/2012,320000
Product_1574,Whse_S,Category_019,3/19/2012,250000
Product_1431,Whse_S,Category_019,4/22/2012,80000
Product_1431,Whse_S,Category_019,4/29/2012,26000
Product_1574,Whse_S,Category_019,2/26/2012,3500
Product_1341,Whse_S,Category_019,3/4/2012,50000
Product_1431,Whse_S,Category_019,3/4/2012,100000
Product_1234,Whse_S,Category_019,3/26/2012,40000
Product_1234,Whse_S,Category_019,4/2/2012,60000
Product_1393,Whse_S,Category_019,3/5/2012,125000
Product_1393,Whse_S,Category_019,3/19/2012,150000
Product_1393,Whse_S,Category_019,3/26/2012,150000
Product_1393,Whse_S,Category_019,4/2/2012,200000
Product_1567,Whse_S,Category_019,3/19/2012,20000
Product_1567,Whse_S,Category_019,3/26/2012,135000
Product_1567,Whse_S,Category_019,4/2/2012,135000
Product_1574,Whse_S,Category_019,3/26/2012,105000
Product_1574,Whse_S,Category_019,3/11/2012,8500
Product_1574,Whse_S,Category_019,3/18/2012,5500
Product_1341,Whse_S,Category_019,3/11/2012,10000
Product_1341,Whse_S,Category_019,3/19/2012,50000
Product_1341,Whse_S,Category_019,5/13/2012,50000
Product_1341,Whse_S,Category_019,5/29/2012,50000
Product_1431,Whse_S,Category_019,4/17/2012,100000
Product_1431,Whse_S,Category_019,5/29/2012,100000
Product_1350,Whse_S,Category_019,4/24/2012,10000
Product_1574,Whse_S,Category_019,3/20/2012,23500
Product_1234,Whse_S,Category_019,4/17/2012,40000
Product_1393,Whse_S,Category_019,4/24/2012,125000
Product_1567,Whse_S,Category_019,4/10/2012,90000
Product_1567,Whse_S,Category_019,4/10/2012,140000
Product_1574,Whse_S,Category_019,4/10/2012,140000
Product_1574,Whse_S,Category_019,4/10/2012,220000
Product_1574,Whse_S,Category_019,4/17/2012,230000
Product_1341,Whse_S,Category_019,4/24/2012,140000
Product_1393,Whse_S,Category_019,4/3/2012,15000
Product_1574,Whse_S,Category_019,4/3/2012,21000
Product_1393,Whse_S,Category_019,4/3/2012,10000
Product_1341,Whse_S,Category_019,5/22/2012,140000
Product_1234,Whse_S,Category_019,4/24/2012,20000
Product_1393,Whse_S,Category_019,5/1/2012,120000
Product_1567,Whse_S,Category_019,5/1/2012,155000
Product_1574,Whse_S,Category_019,4/17/2012,275000
Product_1341,Whse_S,Category_019,4/10/2012,5000
Product_1341,Whse_S,Category_019,5/1/2012,1000
Product_1574,Whse_S,Category_019,4/10/2012,7500
Product_1574,Whse_S,Category_019,4/17/2012,8500
Product_1350,Whse_S,Category_019,4/17/2012,10000
Product_1234,Whse_S,Category_019,4/24/2012,50000
Product_1234,Whse_S,Category_019,5/8/2012,40000
Product_1393,Whse_S,Category_019,5/1/2012,200000
Product_1567,Whse_S,Category_019,5/8/2012,105000
Product_1567,Whse_S,Category_019,5/8/2012,125000
Product_1574,Whse_S,Category_019,4/17/2012,245000
Product_1574,Whse_S,Category_019,4/24/2012,255000
Product_1574,Whse_S,Category_019,4/24/2012,230000
Product_1574,Whse_S,Category_019,5/1/2012,155000
Product_1574,Whse_S,Category_019,5/15/2012,205000
Product_1574,Whse_S,Category_019,4/24/2012,20000
Product_1574,Whse_S,Category_019,5/1/2012,9500
Product_1341,Whse_S,Category_019,4/24/2012,5000
Product_1341,Whse_S,Category_019,6/12/2012,140000
Product_1574,Whse_S,Category_019,5/1/2012,400000
Product_1574,Whse_S,Category_019,5/8/2012,400000
Product_1234,Whse_S,Category_019,5/8/2012,10000
Product_1234,Whse_S,Category_019,5/15/2012,40000
Product_1234,Whse_S,Category_019,5/22/2012,40000
Product_1393,Whse_S,Category_019,5/8/2012,175000
Product_1393,Whse_S,Category_019,5/22/2012,175000
Product_1567,Whse_S,Category_019,5/15/2012,105000
Product_1567,Whse_S,Category_019,5/29/2012,135000
Product_1574,Whse_S,Category_019,5/15/2012,210000
Product_1574,Whse_S,Category_019,5/22/2012,260000
Product_1234,Whse_S,Category_019,5/22/2012,30000
Product_1234,Whse_S,Category_019,6/5/2012,30000
Product_1350,Whse_S,Category_019,6/5/2012,10000
Product_1393,Whse_S,Category_019,5/22/2012,120000
Product_1393,Whse_S,Category_019,5/29/2012,130000
Product_1567,Whse_S,Category_019,5/22/2012,140000
Product_1431,Whse_S,Category_019,5/14/2012,40000
Product_1350,Whse_S,Category_019,5/3/2012,3000
Product_1350,Whse_S,Category_019,5/8/2012,2000
Product_1574,Whse_S,Category_019,5/8/2012,25000
Product_1341,Whse_S,Category_019,5/3/2012,100000
Product_1431,Whse_S,Category_019,5/3/2012,20000
Product_1431,Whse_S,Category_019,5/15/2012,30000
Product_1341,Whse_S,Category_019,5/15/2012,140000
Product_1341,Whse_S,Category_019,7/3/2012,140000
Product_1393,Whse_S,Category_019,5/15/2012,5000
Product_1574,Whse_S,Category_019,5/15/2012,15000
Product_1393,Whse_S,Category_019,6/19/2012,100000
Product_1567,Whse_S,Category_019,5/29/2012,125000
Product_1567,Whse_S,Category_019,6/5/2012,100000
Product_1567,Whse_S,Category_019,6/19/2012,125000
Product_1341,Whse_S,Category_019,6/12/2012,10000
Product_1350,Whse_S,Category_019,5/15/2012,11000
Product_1393,Whse_S,Category_019,5/29/2012,10000
Product_1431,Whse_S,Category_019,5/22/2012,50000
Product_1431,Whse_S,Category_019,6/26/2012,73000
Product_1341,Whse_S,Category_019,6/12/2012,30000
Product_1350,Whse_S,Category_019,5/18/2012,5000
Product_1350,Whse_S,Category_019,6/12/2012,6000
Product_1341,Whse_S,Category_019,6/26/2012,15000
Product_1341,Whse_S,Category_019,7/10/2012,150000
Product_1393,Whse_S,Category_019,6/19/2012,20000
Product_1393,Whse_S,Category_019,6/26/2012,20000
Product_1393,Whse_S,Category_019,7/3/2012,10000
Product_1570,Whse_S,Category_019,5/29/2012,13500
Product_1234,Whse_S,Category_019,6/5/2012,20000
Product_1234,Whse_S,Category_019,6/19/2012,30000
Product_1393,Whse_S,Category_019,6/19/2012,100000
Product_1341,Whse_S,Category_019,5/30/2012,10000
Product_1350,Whse_S,Category_019,5/30/2012,12000
Product_1574,Whse_S,Category_019,5/30/2012,20000
Product_1574,Whse_S,Category_019,6/19/2012,20000
Product_1234,Whse_S,Category_019,7/3/2012,30000
Product_1234,Whse_S,Category_019,7/10/2012,10000
Product_1350,Whse_S,Category_019,7/3/2012,10000
Product_1393,Whse_S,Category_019,7/3/2012,175000
Product_1393,Whse_S,Category_019,7/10/2012,100000
Product_1574,Whse_S,Category_019,6/26/2012,165000
Product_1574,Whse_S,Category_019,7/3/2012,295000
Product_1341,Whse_S,Category_019,7/17/2012,140000
Product_1341,Whse_S,Category_019,7/3/2012,140000
Product_1574,Whse_S,Category_019,6/19/2012,17000
Product_1341,Whse_S,Category_019,6/19/2012,120000
Product_1574,Whse_S,Category_019,6/19/2012,11500
Product_1234,Whse_S,Category_019,7/10/2012,30000
Product_1234,Whse_S,Category_019,7/17/2012,80000
Product_1393,Whse_S,Category_019,7/3/2012,150000
Product_1393,Whse_S,Category_019,7/10/2012,150000
Product_1393,Whse_S,Category_019,7/24/2012,125000
Product_1567,Whse_S,Category_019,7/3/2012,125000
Product_1567,Whse_S,Category_019,7/17/2012,150000
Product_1567,Whse_S,Category_019,7/24/2012,145000
Product_1393,Whse_S,Category_019,8/14/2012,5000
Product_1574,Whse_S,Category_019,6/26/2012,28500
Product_1574,Whse_S,Category_019,7/10/2012,30000
Product_1574,Whse_S,Category_019,7/17/2012,200000
Product_1574,Whse_S,Category_019,6/29/2012,20000
Product_1431,Whse_S,Category_019,8/14/2012,80000
Product_1234,Whse_S,Category_019,7/17/2012,10000
Product_1234,Whse_S,Category_019,7/31/2012,40000
Product_1393,Whse_S,Category_019,7/24/2012,200000
Product_1574,Whse_S,Category_019,7/17/2012,125000
Product_1574,Whse_S,Category_019,7/24/2012,55000
Product_1234,Whse_S,Category_019,7/24/2012,50000
Product_1234,Whse_S,Category_019,7/24/2012,20000
Product_1341,Whse_S,Category_019,8/14/2012,55000
Product_1393,Whse_S,Category_019,7/24/2012,100000
Product_1393,Whse_S,Category_019,8/7/2012,10000
Product_1567,Whse_S,Category_019,7/17/2012,100000
Product_1567,Whse_S,Category_019,7/24/2012,160000
Product_1567,Whse_S,Category_019,8/7/2012,180000
Product_1574,Whse_S,Category_019,7/24/2012,680000
Product_1341,Whse_S,Category_019,7/31/2012,1000
Product_1341,Whse_S,Category_019,8/21/2012,140000
Product_1393,Whse_S,Category_019,7/24/2012,5000
Product_1393,Whse_S,Category_019,8/14/2012,13000
Product_1574,Whse_S,Category_019,7/31/2012,14000
Product_1341,Whse_S,Category_019,9/11/2012,140000
Product_1234,Whse_S,Category_019,7/24/2012,20000
Product_1234,Whse_S,Category_019,7/31/2012,30000
Product_1393,Whse_S,Category_019,8/7/2012,220000
Product_1393,Whse_S,Category_019,8/14/2012,80000
Product_1393,Whse_S,Category_019,8/14/2012,20000
Product_1574,Whse_S,Category_019,7/31/2012,320000
Product_1574,Whse_S,Category_019,8/7/2012,305000
Product_1234,Whse_S,Category_019,8/14/2012,30000
Product_1341,Whse_S,Category_019,7/24/2012,20000
Product_1341,Whse_S,Category_019,8/28/2012,1000
Product_1431,Whse_S,Category_019,8/28/2012,10000
Product_1574,Whse_S,Category_019,8/14/2012,255000
Product_1341,Whse_S,Category_019,7/31/2012,11000
Product_1393,Whse_S,Category_019,7/31/2012,18000
Product_1393,Whse_S,Category_019,8/21/2012,7000
Product_1574,Whse_S,Category_019,7/31/2012,15500
Product_1234,Whse_S,Category_019,8/21/2012,40000
Product_1234,Whse_S,Category_019,9/4/2012,10000
Product_1234,Whse_S,Category_019,9/11/2012,50000
Product_1341,Whse_S,Category_019,8/14/2012,40000
Product_1350,Whse_S,Category_019,8/14/2012,11000
Product_1567,Whse_S,Category_019,8/21/2012,110000
Product_1567,Whse_S,Category_019,8/28/2012,160000
Product_1567,Whse_S,Category_019,9/11/2012,110000
Product_1393,Whse_S,Category_019,8/14/2012,100000
Product_1393,Whse_S,Category_019,8/28/2012,150000
Product_1393,Whse_S,Category_019,9/11/2012,250000
Product_1574,Whse_S,Category_019,8/21/2012,200000
Product_1574,Whse_S,Category_019,8/28/2012,465000
Product_1574,Whse_S,Category_019,9/11/2012,330000
Product_1341,Whse_S,Category_019,8/14/2012,11000
Product_1341,Whse_S,Category_019,9/25/2012,140000
Product_1234,Whse_S,Category_019,9/18/2012,60000
Product_1341,Whse_S,Category_019,9/4/2012,10000
Product_1393,Whse_S,Category_019,8/28/2012,30000
Product_1393,Whse_S,Category_019,9/11/2012,75000
Product_1567,Whse_S,Category_019,9/18/2012,65000
Product_1574,Whse_S,Category_019,9/11/2012,305000
Product_1574,Whse_S,Category_019,9/18/2012,230000
Product_1341,Whse_S,Category_019,10/16/2012,140000
Product_1393,Whse_S,Category_019,9/11/2012,5000
Product_1393,Whse_S,Category_019,8/27/2012,50000
Product_1393,Whse_S,Category_019,9/18/2012,100000
Product_1431,Whse_S,Category_019,9/4/2012,30000
Product_1341,Whse_S,Category_019,9/4/2012,10000
Product_1341,Whse_S,Category_019,9/25/2012,15000
Product_1393,Whse_S,Category_019,9/4/2012,20000
Product_1393,Whse_S,Category_019,9/11/2012,5000
Product_1393,Whse_S,Category_019,9/18/2012,6000
Product_1393,Whse_S,Category_019,9/25/2012,50000
Product_1567,Whse_S,Category_019,9/11/2012,2500
Product_1341,Whse_S,Category_019,10/16/2012,10000
Product_1393,Whse_S,Category_019,9/18/2012,10000
Product_1393,Whse_S,Category_019,10/2/2012,36000
Product_1567,Whse_S,Category_019,9/6/2012,60000
Product_1431,Whse_S,Category_019,9/18/2012,10000
Product_1234,Whse_S,Category_019,9/25/2012,20000
Product_1234,Whse_S,Category_019,10/2/2012,30000
Product_1234,Whse_S,Category_019,10/9/2012,10000
Product_1393,Whse_S,Category_019,10/2/2012,175000
Product_1393,Whse_S,Category_019,10/29/2012,8000
Product_1567,Whse_S,Category_019,10/2/2012,50000
Product_1567,Whse_S,Category_019,10/9/2012,190000
Product_1341,Whse_S,Category_019,9/25/2012,3000
Product_1341,Whse_S,Category_019,11/19/2012,140000
Product_1234,Whse_S,Category_019,10/16/2012,20000
Product_1234,Whse_S,Category_019,10/23/2012,70000
Product_1393,Whse_S,Category_019,10/16/2012,100000
Product_1393,Whse_S,Category_019,10/16/2012,175000
Product_1393,Whse_S,Category_019,10/23/2012,150000
Product_1567,Whse_S,Category_019,10/16/2012,100000
Product_1567,Whse_S,Category_019,10/23/2012,290000
Product_1341,Whse_S,Category_019,12/4/2012,140000
Product_1234,Whse_S,Category_019,11/6/2012,40000
Product_1234,Whse_S,Category_019,11/13/2012,30000
Product_1393,Whse_S,Category_019,10/30/2012,125000
Product_1393,Whse_S,Category_019,11/6/2012,300000
Product_1567,Whse_S,Category_019,10/30/2012,150000
Product_1567,Whse_S,Category_019,11/6/2012,200000
Product_1574,Whse_S,Category_019,10/30/2012,200000
Product_1234,Whse_S,Category_019,12/3/2012,20000
Product_1341,Whse_S,Category_019,10/29/2012,80000
Product_1393,Whse_S,Category_019,11/19/2012,100000
Product_1393,Whse_S,Category_019,12/3/2012,150000
Product_1567,Whse_S,Category_019,11/19/2012,135000
Product_1567,Whse_S,Category_019,12/3/2012,125000
Product_1574,Whse_S,Category_019,10/29/2012,420000
Product_1574,Whse_S,Category_019,11/5/2012,300000
Product_1574,Whse_S,Category_019,11/12/2012,240000
Product_1341,Whse_S,Category_019,11/6/2012,5000
Product_1341,Whse_S,Category_019,11/13/2012,7000
Product_1350,Whse_S,Category_019,11/6/2012,10000
Product_1431,Whse_S,Category_019,11/13/2012,20000
Product_1234,Whse_S,Category_019,12/11/2012,30000
Product_1567,Whse_S,Category_019,12/4/2012,55000
Product_1567,Whse_S,Category_019,12/11/2012,100000
Product_1574,Whse_S,Category_019,11/20/2012,397500
Product_1574,Whse_S,Category_019,11/27/2012,350000
Product_1574,Whse_S,Category_019,12/4/2012,330000
Product_1574,Whse_S,Category_019,12/11/2012,150000
Product_1341,Whse_S,Category_019,11/13/2012,10000
Product_1341,Whse_S,Category_019,12/4/2012,15000
Product_1341,Whse_S,Category_019,12/11/2012,140000
Product_1574,Whse_S,Category_019,12/4/2012,15000
Product_1341,Whse_S,Category_019,12/25/2012,144000
Product_1234,Whse_S,Category_019,1/1/2013,30000
Product_1393,Whse_S,Category_019,1/1/2013,200000
Product_1341,Whse_S,Category_019,12/4/2012,20000
Product_1350,Whse_S,Category_019,12/4/2012,1000
Product_1393,Whse_S,Category_019,1/1/2013,100000
Product_1341,Whse_S,Category_019,1/1/2013,15000
Product_1341,Whse_S,Category_019,12/25/2012,40000
Product_1341,Whse_S,Category_019,12/18/2012,90000
Product_1350,Whse_S,Category_019,12/14/2012,10000
Product_1341,Whse_S,Category_019,12/25/2012,52000
Product_1341,Whse_S,Category_019,12/21/2012,20000
Product_1523,Whse_J,Category_019,8/28/2012,2000
Product_1505,Whse_J,Category_019,10/3/2012,10000
Product_1904,Whse_S,Category_019,9/6/2012,24000
Product_0033,Whse_C,Category_005,1/3/2012,1000
Product_0033,Whse_C,Category_005,2/15/2012,3000
Product_0617,Whse_C,Category_001,9/18/2012,5
Product_0617,Whse_C,Category_001,9/18/2012,2
Product_0617,Whse_C,Category_001,11/13/2012,11
Product_0617,Whse_C,Category_001,11/13/2012,1
Product_0608,Whse_C,Category_001,8/20/2012,5
Product_0608,Whse_C,Category_001,11/12/2012,5
Product_2137,Whse_S,Category_009,3/7/2012,128
Product_2131,Whse_S,Category_009,4/24/2012,45
Product_2144,Whse_S,Category_009,4/9/2012,75
Product_0333,Whse_S,Category_021,1/24/2012,22
Product_1617,Whse_S,Category_024,1/24/2012,4
Product_1645,Whse_S,Category_024,1/24/2012,2
Product_2167,Whse_S,Category_024,3/29/2012,15
Product_0202,Whse_S,Category_007,3/12/2012,198
Product_0204,Whse_S,Category_007,3/12/2012,154
Product_0209,Whse_S,Category_007,3/12/2012,96
Product_0213,Whse_S,Category_007,3/12/2012,174
Product_2128,Whse_S,Category_009,3/12/2012,99
Product_2131,Whse_S,Category_009,3/12/2012,87
Product_2133,Whse_S,Category_009,3/12/2012,77
Product_2137,Whse_S,Category_009,3/12/2012,87
Product_0159,Whse_S,Category_021,7/24/2012,50
Product_0200,Whse_S,Category_007,1/30/2012,80
Product_0209,Whse_S,Category_007,1/30/2012,80
Product_0200,Whse_S,Category_007,2/1/2012,16
Product_0202,Whse_S,Category_007,2/1/2012,264
Product_0208,Whse_S,Category_007,2/1/2012,264
Product_0209,Whse_S,Category_007,2/1/2012,16
Product_0211,Whse_S,Category_007,2/1/2012,32
Product_0215,Whse_S,Category_007,5/20/2012,2444
Product_0221,Whse_S,Category_007,5/20/2012,909
Product_0206,Whse_S,Category_007,7/26/2012,48
Product_2133,Whse_S,Category_009,2/1/2012,78
Product_2133,Whse_S,Category_009,2/1/2012,102
Product_2139,Whse_S,Category_009,2/1/2012,111
Product_2145,Whse_S,Category_009,2/1/2012,4
Product_2145,Whse_S,Category_009,2/1/2012,28
Product_2132,Whse_S,Category_009,5/20/2012,1672
Product_2138,Whse_S,Category_009,5/20/2012,1027
Product_2144,Whse_S,Category_009,5/20/2012,514
Product_0158,Whse_S,Category_021,1/30/2012,40
Product_0353,Whse_S,Category_021,1/30/2012,6
Product_0158,Whse_S,Category_021,2/1/2012,20
Product_0158,Whse_S,Category_021,2/1/2012,89
Product_0159,Whse_S,Category_021,2/1/2012,25
Product_0353,Whse_S,Category_021,2/1/2012,15
Product_0158,Whse_S,Category_021,5/20/2012,60
Product_0159,Whse_S,Category_021,5/20/2012,399
Product_0287,Whse_S,Category_021,5/20/2012,40
Product_0288,Whse_S,Category_021,5/20/2012,440
Product_0349,Whse_S,Category_021,5/20/2012,36
Product_0353,Whse_S,Category_021,5/20/2012,106
Product_1616,Whse_S,Category_024,5/20/2012,12
Product_1618,Whse_S,Category_024,5/20/2012,12
Product_1644,Whse_S,Category_024,5/20/2012,6
Product_1646,Whse_S,Category_024,5/20/2012,6
Product_0214,Whse_S,Category_007,2/15/2012,100
Product_0200,Whse_S,Category_007,3/1/2012,24
Product_0215,Whse_S,Category_007,3/14/2012,48
Product_2143,Whse_S,Category_009,1/5/2012,50
Product_2137,Whse_S,Category_009,1/23/2012,28
Product_2137,Whse_S,Category_009,1/23/2012,12
Product_2139,Whse_S,Category_009,1/23/2012,4
Product_2141,Whse_S,Category_009,1/23/2012,10
Product_2142,Whse_S,Category_009,1/23/2012,55
Product_2137,Whse_S,Category_009,2/10/2012,42
Product_2141,Whse_S,Category_009,2/10/2012,50
Product_2132,Whse_S,Category_009,3/14/2012,48
Product_2128,Whse_S,Category_009,6/22/2012,1774
Product_2132,Whse_S,Category_009,6/22/2012,3482
Product_2146,Whse_S,Category_009,7/9/2012,10
Product_2141,Whse_S,Category_009,7/13/2012,300
Product_2143,Whse_S,Category_009,7/13/2012,300
Product_2141,Whse_S,Category_009,7/31/2012,100
Product_2128,Whse_S,Category_009,9/12/2012,60
Product_2129,Whse_S,Category_009,9/12/2012,60
Product_2131,Whse_S,Category_009,9/12/2012,60
Product_2144,Whse_S,Category_009,9/12/2012,25
Product_2145,Whse_S,Category_009,9/12/2012,25
Product_2146,Whse_S,Category_009,9/12/2012,25
Product_2136,Whse_S,Category_009,9/24/2012,150
Product_2144,Whse_S,Category_009,11/26/2012,10
Product_2136,Whse_S,Category_009,11/28/2012,96
Product_0352,Whse_S,Category_021,1/23/2012,1
Product_0288,Whse_S,Category_021,1/27/2012,240
Product_0287,Whse_S,Category_021,1/27/2012,50
Product_0288,Whse_S,Category_021,1/27/2012,800
Product_0333,Whse_S,Category_021,3/14/2012,2
Product_0158,Whse_S,Category_021,4/27/2012,200
Product_0159,Whse_S,Category_021,4/26/2012,200
Product_0333,Whse_S,Category_021,4/26/2012,20
Product_0154,Whse_S,Category_021,4/27/2012,12
Product_0353,Whse_S,Category_021,7/13/2012,226
Product_0352,Whse_S,Category_021,11/7/2012,10
Product_0287,Whse_S,Category_021,11/27/2012,30
Product_2169,Whse_S,Category_024,1/18/2012,50
Product_2169,Whse_S,Category_024,1/23/2012,1
Product_1616,Whse_S,Category_024,2/24/2012,10
Product_1618,Whse_S,Category_024,2/24/2012,4
Product_1646,Whse_S,Category_024,2/24/2012,2
Product_2166,Whse_S,Category_024,2/23/2012,18
Product_2166,Whse_S,Category_024,2/24/2012,5
Product_2166,Whse_S,Category_024,2/24/2012,1
Product_1616,Whse_S,Category_024,2/24/2012,12
Product_1618,Whse_S,Category_024,2/24/2012,50
Product_1618,Whse_S,Category_024,2/24/2012,18
Product_1618,Whse_S,Category_024,2/24/2012,8
Product_1646,Whse_S,Category_024,2/24/2012,35
Product_1646,Whse_S,Category_024,2/24/2012,3
Product_2166,Whse_S,Category_024,2/24/2012,63
Product_1616,Whse_S,Category_024,3/22/2012,4
Product_1618,Whse_S,Category_024,3/22/2012,1
Product_1618,Whse_S,Category_024,3/22/2012,3
Product_1646,Whse_S,Category_024,3/22/2012,2
Product_2166,Whse_S,Category_024,3/22/2012,4
Product_1618,Whse_S,Category_024,8/22/2012,10
Product_1646,Whse_S,Category_024,8/22/2012,5
Product_1616,Whse_S,Category_024,9/25/2012,4
Product_1618,Whse_S,Category_024,9/25/2012,4
Product_1644,Whse_S,Category_024,9/25/2012,2
Product_1646,Whse_S,Category_024,9/25/2012,2
Product_0211,Whse_S,Category_007,9/25/2012,100
Product_0154,Whse_S,Category_021,9/25/2012,25
Product_0333,Whse_S,Category_021,9/25/2012,2
Product_0154,Whse_S,Category_021,10/18/2012,21
Product_0154,Whse_S,Category_021,10/18/2012,118
Product_0333,Whse_S,Category_021,10/18/2012,9
Product_2167,Whse_S,Category_024,10/23/2012,18
Product_0202,Whse_S,Category_007,1/5/2012,100
Product_0202,Whse_S,Category_007,1/11/2012,200
Product_0200,Whse_S,Category_007,1/23/2012,67
Product_0200,Whse_S,Category_007,2/1/2012,145
Product_0206,Whse_S,Category_007,2/16/2012,60
Product_0202,Whse_S,Category_007,2/22/2012,50
Product_0206,Whse_S,Category_007,3/2/2012,100
Product_0208,Whse_S,Category_007,3/6/2012,56
Product_0202,Whse_S,Category_007,3/19/2012,50
Product_0202,Whse_S,Category_007,5/8/2012,430
Product_0211,Whse_S,Category_007,5/25/2012,96
Product_0202,Whse_S,Category_007,6/13/2012,100
Product_0208,Whse_S,Category_007,6/15/2012,26
Product_0202,Whse_S,Category_007,6/18/2012,60
Product_0208,Whse_S,Category_007,6/22/2012,22
Product_0211,Whse_S,Category_007,6/22/2012,268
Product_0206,Whse_S,Category_007,7/3/2012,10
Product_0208,Whse_S,Category_007,7/3/2012,10
Product_0214,Whse_S,Category_007,7/3/2012,22
Product_0219,Whse_S,Category_007,7/16/2012,20
Product_0200,Whse_S,Category_007,8/3/2012,25
Product_0200,Whse_S,Category_007,8/10/2012,25
Product_0208,Whse_S,Category_007,9/12/2012,12
Product_0208,Whse_S,Category_007,9/14/2012,24
Product_0213,Whse_S,Category_007,9/14/2012,24
Product_0211,Whse_S,Category_007,10/1/2012,82
Product_0202,Whse_S,Category_007,10/17/2012,67
Product_0208,Whse_S,Category_007,10/17/2012,116
Product_0202,Whse_S,Category_007,10/24/2012,50
Product_0200,Whse_S,Category_007,11/27/2012,35
Product_0211,Whse_S,Category_007,11/27/2012,34
Product_0213,Whse_S,Category_007,11/27/2012,56
Product_0202,Whse_S,Category_007,11/28/2012,100
Product_0213,Whse_S,Category_007,11/28/2012,105
Product_0206,Whse_S,Category_007,11/28/2012,29
Product_0209,Whse_S,Category_007,12/6/2012,498
Product_0213,Whse_S,Category_007,12/6/2012,388
Product_0206,Whse_S,Category_007,12/13/2012,20
Product_0200,Whse_S,Category_007,12/18/2012,8
Product_0209,Whse_S,Category_007,12/18/2012,8
Product_2132,Whse_S,Category_009,12/26/2011,100
Product_2138,Whse_S,Category_009,12/26/2011,30
Product_2144,Whse_S,Category_009,1/6/2012,25
Product_2138,Whse_S,Category_009,2/9/2012,50
Product_2139,Whse_S,Category_009,2/16/2012,15
Product_2139,Whse_S,Category_009,2/27/2012,30
Product_2132,Whse_S,Category_009,2/27/2012,50
Product_2137,Whse_S,Category_009,3/6/2012,15
Product_2136,Whse_S,Category_009,3/22/2012,105
Product_2128,Whse_S,Category_009,3/29/2012,200
Product_2136,Whse_S,Category_009,3/29/2012,160
Product_2138,Whse_S,Category_009,3/29/2012,120
Product_2142,Whse_S,Category_009,3/29/2012,130
Product_2136,Whse_S,Category_009,4/18/2012,300
Product_2132,Whse_S,Category_009,5/8/2012,430
Product_2132,Whse_S,Category_009,5/9/2012,50
Product_2138,Whse_S,Category_009,5/9/2012,50
Product_2128,Whse_S,Category_009,5/16/2012,20
Product_2138,Whse_S,Category_009,5/16/2012,20
Product_2144,Whse_S,Category_009,5/16/2012,20
Product_2145,Whse_S,Category_009,5/25/2012,3
Product_2132,Whse_S,Category_009,6/22/2012,10
Product_2139,Whse_S,Category_009,7/3/2012,36
Product_2139,Whse_S,Category_009,9/12/2012,24
Product_2136,Whse_S,Category_009,9/12/2012,18
Product_2141,Whse_S,Category_009,9/12/2012,21
Product_2142,Whse_S,Category_009,9/12/2012,19
Product_2139,Whse_S,Category_009,9/14/2012,24
Product_2139,Whse_S,Category_009,9/18/2012,150
Product_2145,Whse_S,Category_009,9/18/2012,50
Product_2136,Whse_S,Category_009,10/1/2012,123
Product_2135,Whse_S,Category_009,10/11/2012,50
Product_2139,Whse_S,Category_009,10/17/2012,66
Product_2145,Whse_S,Category_009,10/17/2012,30
Product_2139,Whse_S,Category_009,10/24/2012,100
Product_2145,Whse_S,Category_009,10/24/2012,100
Product_2139,Whse_S,Category_009,11/27/2012,40
Product_2145,Whse_S,Category_009,11/27/2012,40
Product_2132,Whse_S,Category_009,11/28/2012,50
Product_2137,Whse_S,Category_009,11/28/2012,75
Product_2145,Whse_S,Category_009,11/28/2012,9
Product_2132,Whse_S,Category_009,12/12/2012,40
Product_2145,Whse_S,Category_009,12/13/2012,5
Product_2141,Whse_S,Category_009,12/18/2012,8
Product_2136,Whse_S,Category_009,12/20/2012,300
Product_2142,Whse_S,Category_009,12/20/2012,100
Product_2139,Whse_S,Category_009,12/27/2012,50
Product_2145,Whse_S,Category_009,12/27/2012,50
Product_0349,Whse_S,Category_021,3/2/2012,2
Product_0155,Whse_S,Category_021,3/5/2012,200
Product_0349,Whse_S,Category_021,3/6/2012,2
Product_0349,Whse_S,Category_021,3/7/2012,25
Product_0155,Whse_S,Category_021,3/8/2012,53
Product_0288,Whse_S,Category_021,3/8/2012,300
Product_0353,Whse_S,Category_021,3/8/2012,10
Product_0349,Whse_S,Category_021,3/14/2012,30
Product_0353,Whse_S,Category_021,3/14/2012,10
Product_0155,Whse_S,Category_021,3/15/2012,10
Product_0154,Whse_S,Category_021,3/18/2012,346
Product_0158,Whse_S,Category_021,4/4/2012,200
Product_0288,Whse_S,Category_021,4/27/2012,100
Product_0353,Whse_S,Category_021,4/27/2012,5
Product_0353,Whse_S,Category_021,5/4/2012,10
Product_0353,Whse_S,Category_021,5/25/2012,8
Product_0154,Whse_S,Category_021,6/22/2012,11
Product_0158,Whse_S,Category_021,7/4/2012,180
Product_0159,Whse_S,Category_021,7/4/2012,390
Product_0158,Whse_S,Category_021,7/5/2012,70
Product_0159,Whse_S,Category_021,7/5/2012,30
Product_0288,Whse_S,Category_021,7/17/2012,90
Product_0159,Whse_S,Category_021,8/13/2012,4
Product_0154,Whse_S,Category_021,8/23/2012,50
Product_0349,Whse_S,Category_021,8/28/2012,1
Product_0353,Whse_S,Category_021,9/12/2012,5
Product_0159,Whse_S,Category_021,9/12/2012,20
Product_0288,Whse_S,Category_021,9/12/2012,40
Product_0349,Whse_S,Category_021,9/12/2012,5
Product_0353,Whse_S,Category_021,9/12/2012,10
Product_0159,Whse_S,Category_021,9/14/2012,12
Product_0154,Whse_S,Category_021,10/1/2012,11
Product_0288,Whse_S,Category_021,10/1/2012,20
Product_0159,Whse_S,Category_021,10/17/2012,54
Product_0353,Whse_S,Category_021,10/17/2012,14
Product_0159,Whse_S,Category_021,10/24/2012,10
Product_0349,Whse_S,Category_021,11/2/2012,5
Product_0353,Whse_S,Category_021,11/8/2012,5
Product_0158,Whse_S,Category_021,11/16/2012,46
Product_0159,Whse_S,Category_021,11/16/2012,184
Product_0353,Whse_S,Category_021,11/16/2012,28
Product_0159,Whse_S,Category_021,11/28/2012,16
Product_0158,Whse_S,Category_021,11/28/2012,4
Product_0353,Whse_S,Category_021,11/28/2012,4
Product_0158,Whse_S,Category_021,12/4/2012,10
Product_0349,Whse_S,Category_021,12/13/2012,2
Product_0288,Whse_S,Category_021,12/17/2012,10
Product_0349,Whse_S,Category_021,12/17/2012,7
Product_0158,Whse_S,Category_021,12/18/2012,4
Product_2165,Whse_S,Category_024,12/26/2011,10
Product_1618,Whse_S,Category_024,2/1/2012,2
Product_1646,Whse_S,Category_024,2/1/2012,1
Product_2166,Whse_S,Category_024,3/1/2012,4
Product_1616,Whse_S,Category_024,3/2/2012,8
Product_1618,Whse_S,Category_024,3/2/2012,4
Product_1644,Whse_S,Category_024,3/2/2012,4
Product_1646,Whse_S,Category_024,3/2/2012,2
Product_1618,Whse_S,Category_024,3/7/2012,8
Product_1646,Whse_S,Category_024,3/7/2012,4
Product_2167,Whse_S,Category_024,3/7/2012,25
Product_2166,Whse_S,Category_024,3/8/2012,3
Product_2167,Whse_S,Category_024,3/8/2012,16
Product_1616,Whse_S,Category_024,3/14/2012,2
Product_2166,Whse_S,Category_024,3/15/2012,17
Product_1616,Whse_S,Category_024,3/22/2012,4
Product_1618,Whse_S,Category_024,3/29/2012,4
Product_2165,Whse_S,Category_024,3/29/2012,8
Product_1618,Whse_S,Category_024,4/4/2012,4
Product_1646,Whse_S,Category_024,4/4/2012,4
Product_2166,Whse_S,Category_024,4/4/2012,10
Product_1616,Whse_S,Category_024,5/8/2012,2
Product_1618,Whse_S,Category_024,5/8/2012,4
Product_1646,Whse_S,Category_024,5/8/2012,2
Product_2165,Whse_S,Category_024,6/22/2012,4
Product_2165,Whse_S,Category_024,7/2/2012,3
Product_1617,Whse_S,Category_024,7/15/2012,44
Product_1616,Whse_S,Category_024,7/18/2012,3
Product_1616,Whse_S,Category_024,7/19/2012,13
Product_1616,Whse_S,Category_024,8/10/2012,2
Product_1617,Whse_S,Category_024,8/21/2012,12
Product_1645,Whse_S,Category_024,8/21/2012,4
Product_2167,Whse_S,Category_024,9/28/2012,8
Product_1616,Whse_S,Category_024,10/24/2012,1
Product_1617,Whse_S,Category_024,10/24/2012,2
Product_1644,Whse_S,Category_024,10/24/2012,1
Product_1616,Whse_S,Category_024,10/24/2012,2
Product_1617,Whse_S,Category_024,10/24/2012,2
Product_1644,Whse_S,Category_024,10/24/2012,1
Product_1645,Whse_S,Category_024,10/24/2012,2
Product_1617,Whse_S,Category_024,11/13/2012,4
Product_1617,Whse_S,Category_024,11/26/2012,12
Product_2165,Whse_S,Category_024,11/26/2012,2
Product_1617,Whse_S,Category_024,12/10/2012,4
Product_1616,Whse_S,Category_024,12/12/2012,4
Product_1617,Whse_S,Category_024,12/12/2012,4
Product_1644,Whse_S,Category_024,12/12/2012,2
Product_1645,Whse_S,Category_024,12/12/2012,2
Product_1617,Whse_S,Category_024,12/12/2012,2
Product_2165,Whse_S,Category_024,12/20/2012,5
Product_1618,Whse_S,Category_024,12/26/2012,1
Product_1646,Whse_S,Category_024,12/26/2012,1
Product_2165,Whse_S,Category_024,12/26/2012,2
Product_0202,Whse_S,Category_007,7/10/2012,62
Product_0213,Whse_S,Category_007,7/10/2012,62
Product_2133,Whse_S,Category_009,7/10/2012,68
Product_0158,Whse_S,Category_021,7/10/2012,21
Product_0159,Whse_S,Category_021,7/10/2012,6
Product_0353,Whse_S,Category_021,7/10/2012,3
Product_0202,Whse_S,Category_007,4/26/2012,400
Product_0204,Whse_S,Category_007,4/26/2012,400
Product_0209,Whse_S,Category_007,4/26/2012,400
Product_0213,Whse_S,Category_007,4/26/2012,400
Product_2139,Whse_S,Category_009,1/25/2012,4
Product_2142,Whse_S,Category_009,1/25/2012,48
Product_2145,Whse_S,Category_009,1/25/2012,4
Product_2132,Whse_S,Category_009,4/26/2012,400
Product_2133,Whse_S,Category_009,4/26/2012,400
Product_2135,Whse_S,Category_009,4/26/2012,400
Product_2137,Whse_S,Category_009,4/26/2012,400
Product_2136,Whse_S,Category_009,8/9/2012,270
Product_2138,Whse_S,Category_009,10/16/2012,60
Product_0155,Whse_S,Category_021,2/22/2012,107
Product_0158,Whse_S,Category_021,2/22/2012,1
Product_0159,Whse_S,Category_021,2/22/2012,1
Product_0158,Whse_S,Category_021,2/22/2012,856
Product_0354,Whse_S,Category_021,2/22/2012,83
Product_0349,Whse_S,Category_021,3/7/2012,2
Product_0158,Whse_S,Category_021,4/26/2012,300
Product_0159,Whse_S,Category_021,4/26/2012,300
Product_0333,Whse_S,Category_021,4/26/2012,16
Product_0333,Whse_S,Category_021,4/26/2012,4
Product_0353,Whse_S,Category_021,4/26/2012,20
Product_0158,Whse_S,Category_021,5/2/2012,38
Product_0159,Whse_S,Category_021,5/2/2012,2
Product_2165,Whse_S,Category_024,4/26/2012,2
Product_2167,Whse_S,Category_024,4/26/2012,2
Product_2169,Whse_S,Category_024,4/26/2012,2
Product_2169,Whse_S,Category_024,8/8/2012,1
Product_1618,Whse_S,Category_024,9/13/2012,4
Product_2166,Whse_S,Category_024,9/13/2012,8
Product_1618,Whse_S,Category_024,10/18/2012,12
Product_1646,Whse_S,Category_024,10/18/2012,6
Product_1618,Whse_S,Category_024,11/2/2012,3
Product_1618,Whse_S,Category_024,11/2/2012,1
Product_0202,Whse_S,Category_007,1/18/2012,70
Product_0202,Whse_S,Category_007,1/23/2012,20
Product_0209,Whse_S,Category_007,1/24/2012,44
Product_0202,Whse_S,Category_007,2/2/2012,10
Product_0202,Whse_S,Category_007,2/27/2012,30
Product_0208,Whse_S,Category_007,2/27/2012,8
Product_0204,Whse_S,Category_007,4/17/2012,4
Product_2128,Whse_S,Category_009,1/23/2012,36
Product_2129,Whse_S,Category_009,1/24/2012,32
Product_2132,Whse_S,Category_009,2/27/2012,30
Product_2139,Whse_S,Category_009,9/25/2012,300
Product_2132,Whse_S,Category_009,11/16/2012,70
Product_0349,Whse_S,Category_021,1/23/2012,6
Product_0288,Whse_S,Category_021,4/17/2012,30
Product_0349,Whse_S,Category_021,4/17/2012,2
Product_0353,Whse_S,Category_021,4/17/2012,11
Product_0353,Whse_S,Category_021,4/25/2012,19
Product_0154,Whse_S,Category_021,5/23/2012,25
Product_0288,Whse_S,Category_021,8/13/2012,10
Product_0353,Whse_S,Category_021,10/17/2012,16
Product_1616,Whse_S,Category_024,1/30/2012,4
Product_1618,Whse_S,Category_024,1/30/2012,4
Product_1644,Whse_S,Category_024,1/30/2012,2
Product_1646,Whse_S,Category_024,1/30/2012,2
Product_1618,Whse_S,Category_024,3/8/2012,8
Product_1646,Whse_S,Category_024,3/8/2012,4
Product_1618,Whse_S,Category_024,4/17/2012,4
Product_1646,Whse_S,Category_024,4/17/2012,2
Product_2166,Whse_S,Category_024,4/17/2012,1
Product_2167,Whse_S,Category_024,5/4/2012,12
Product_1617,Whse_S,Category_024,8/7/2012,4
Product_1618,Whse_S,Category_024,9/4/2012,12
Product_1646,Whse_S,Category_024,9/4/2012,6
Product_1646,Whse_S,Category_024,12/6/2012,2
Product_2166,Whse_S,Category_024,12/18/2012,12
Product_0202,Whse_S,Category_007,6/22/2012,250
Product_0204,Whse_S,Category_007,6/22/2012,250
Product_0209,Whse_S,Category_007,6/22/2012,250
Product_0213,Whse_S,Category_007,6/22/2012,250
Product_2132,Whse_S,Category_009,6/22/2012,250
Product_2133,Whse_S,Category_009,6/22/2012,250
Product_2135,Whse_S,Category_009,6/22/2012,250
Product_2137,Whse_S,Category_009,6/22/2012,250
Product_0333,Whse_S,Category_021,5/30/2012,6
Product_0353,Whse_S,Category_021,6/22/2012,21
Product_0158,Whse_S,Category_021,10/24/2012,300
Product_2169,Whse_S,Category_024,6/22/2012,8
Product_2144,Whse_S,Category_009,12/12/2011,10
Product_2132,Whse_S,Category_009,2/21/2012,20
Product_2138,Whse_S,Category_009,2/21/2012,22
Product_2144,Whse_S,Category_009,2/21/2012,28
Product_2138,Whse_S,Category_009,4/17/2012,16
Product_2132,Whse_S,Category_009,7/12/2012,50
Product_2142,Whse_S,Category_009,8/13/2012,4
Product_2142,Whse_S,Category_009,12/12/2012,2
Product_0333,Whse_S,Category_021,5/2/2012,4
Product_0288,Whse_S,Category_021,10/16/2012,20
Product_0158,Whse_S,Category_021,11/6/2012,100
Product_2166,Whse_S,Category_024,12/12/2011,3
Product_2169,Whse_S,Category_024,3/7/2012,4
Product_1617,Whse_S,Category_024,7/3/2012,12
Product_1616,Whse_S,Category_024,11/5/2012,7
Product_1644,Whse_S,Category_024,11/5/2012,3
Product_1646,Whse_S,Category_024,11/5/2012,2
Product_1618,Whse_S,Category_024,11/13/2012,4
Product_1646,Whse_S,Category_024,11/13/2012,2
Product_0159,Whse_S,Category_021,3/22/2012,161
Product_0333,Whse_S,Category_021,3/22/2012,8
Product_0158,Whse_S,Category_021,3/16/2012,1003
Product_2165,Whse_S,Category_024,4/18/2012,100
Product_2167,Whse_S,Category_024,8/21/2012,18
Product_0202,Whse_S,Category_007,5/3/2012,48
Product_0209,Whse_S,Category_007,5/11/2012,48
Product_0202,Whse_S,Category_007,6/1/2012,48
Product_0209,Whse_S,Category_007,6/1/2012,48
Product_0202,Whse_S,Category_007,8/9/2012,24
Product_0209,Whse_S,Category_007,8/9/2012,24
Product_0200,Whse_S,Category_007,10/11/2012,384
Product_2132,Whse_S,Category_009,5/11/2012,72
Product_0353,Whse_S,Category_021,5/11/2012,2
Product_0158,Whse_S,Category_021,5/24/2012,60
Product_0159,Whse_S,Category_021,5/24/2012,233
Product_0288,Whse_S,Category_021,5/24/2012,240
Product_0353,Whse_S,Category_021,5/24/2012,38
Product_0353,Whse_S,Category_021,6/1/2012,2
Product_0353,Whse_S,Category_021,8/9/2012,2
Product_0213,Whse_S,Category_007,2/8/2012,96
Product_2131,Whse_S,Category_009,2/8/2012,24
Product_2137,Whse_S,Category_009,2/8/2012,24
Product_0288,Whse_S,Category_021,1/24/2012,20
Product_2169,Whse_S,Category_024,1/24/2012,3
Product_2167,Whse_S,Category_024,2/8/2012,2
Product_0214,Whse_S,Category_007,2/10/2012,28
Product_0215,Whse_S,Category_007,2/10/2012,170
Product_0202,Whse_S,Category_007,2/21/2012,50
Product_0200,Whse_S,Category_007,2/21/2012,72
Product_0202,Whse_S,Category_007,2/21/2012,64
Product_0211,Whse_S,Category_007,2/21/2012,53
Product_0200,Whse_S,Category_007,2/24/2012,6
Product_0206,Whse_S,Category_007,2/24/2012,6
Product_0200,Whse_S,Category_007,2/28/2012,178
Product_0208,Whse_S,Category_007,2/28/2012,41
Product_0208,Whse_S,Category_007,2/28/2012,485
Product_0202,Whse_S,Category_007,3/16/2012,30
Product_0202,Whse_S,Category_007,3/22/2012,50
Product_0200,Whse_S,Category_007,6/11/2012,60
Product_0211,Whse_S,Category_007,6/11/2012,20
Product_0200,Whse_S,Category_007,7/16/2012,385
Product_0202,Whse_S,Category_007,7/16/2012,100
Product_0202,Whse_S,Category_007,7/20/2012,40
Product_0202,Whse_S,Category_007,8/3/2012,45
Product_0221,Whse_S,Category_007,8/7/2012,431
Product_0202,Whse_S,Category_007,9/7/2012,50
Product_0202,Whse_S,Category_007,10/3/2012,25
Product_0200,Whse_S,Category_007,10/18/2012,90
Product_0206,Whse_S,Category_007,10/18/2012,90
Product_0200,Whse_S,Category_007,11/13/2012,60
Product_0202,Whse_S,Category_007,11/13/2012,59
Product_0211,Whse_S,Category_007,11/19/2012,90
Product_0202,Whse_S,Category_007,12/5/2012,30
Product_0202,Whse_S,Category_007,12/6/2012,10
Product_0209,Whse_S,Category_007,12/6/2012,40
Product_0206,Whse_S,Category_007,12/12/2012,34
Product_0200,Whse_S,Category_007,12/12/2012,72
Product_0213,Whse_S,Category_007,12/12/2012,40
Product_2136,Whse_S,Category_009,1/20/2012,39
Product_2138,Whse_S,Category_009,1/20/2012,39
Product_2139,Whse_S,Category_009,1/20/2012,26
Product_2142,Whse_S,Category_009,1/20/2012,26
Product_2132,Whse_S,Category_009,2/1/2012,24
Product_2133,Whse_S,Category_009,2/1/2012,10
Product_2135,Whse_S,Category_009,2/1/2012,24
Product_2132,Whse_S,Category_009,2/10/2012,80
Product_2144,Whse_S,Category_009,2/10/2012,85
Product_2138,Whse_S,Category_009,2/13/2012,29
Product_2144,Whse_S,Category_009,2/14/2012,29
Product_2132,Whse_S,Category_009,2/21/2012,53
Product_2132,Whse_S,Category_009,2/24/2012,60
Product_2128,Whse_S,Category_009,3/1/2012,220
Product_2118,Whse_S,Category_009,3/20/2012,19
Product_2143,Whse_S,Category_009,7/3/2012,1
Product_2146,Whse_S,Category_009,7/3/2012,4
Product_2128,Whse_S,Category_009,7/3/2012,50
Product_2132,Whse_S,Category_009,7/3/2012,26
Product_2138,Whse_S,Category_009,7/3/2012,25
Product_2144,Whse_S,Category_009,7/3/2012,20
Product_2138,Whse_S,Category_009,7/11/2012,50
Product_2128,Whse_S,Category_009,7/16/2012,340
Product_2132,Whse_S,Category_009,7/16/2012,300
Product_2144,Whse_S,Category_009,7/18/2012,150
Product_2144,Whse_S,Category_009,7/18/2012,268
Product_2146,Whse_S,Category_009,7/18/2012,208
Product_2138,Whse_S,Category_009,7/24/2012,10
Product_2136,Whse_S,Category_009,8/7/2012,96
Product_2135,Whse_S,Category_009,10/22/2012,227
Product_2136,Whse_S,Category_009,10/22/2012,72
Product_2128,Whse_S,Category_009,11/13/2012,6
Product_2128,Whse_S,Category_009,11/13/2012,64
Product_2118,Whse_S,Category_009,12/26/2012,8
Product_2138,Whse_S,Category_009,12/27/2012,10
Product_2139,Whse_S,Category_009,12/27/2012,10
Product_2141,Whse_S,Category_009,12/27/2012,10
Product_0287,Whse_S,Category_021,2/15/2012,300
Product_0288,Whse_S,Category_021,2/15/2012,300
Product_0354,Whse_S,Category_021,2/15/2012,12
Product_0155,Whse_S,Category_021,1/18/2012,12
Product_0154,Whse_S,Category_021,2/10/2012,52
Product_0349,Whse_S,Category_021,2/10/2012,10
Product_0349,Whse_S,Category_021,2/28/2012,26
Product_0155,Whse_S,Category_021,3/15/2012,14
Product_0333,Whse_S,Category_021,3/15/2012,2
Product_0353,Whse_S,Category_021,4/9/2012,18
Product_0158,Whse_S,Category_021,6/20/2012,108
Product_0159,Whse_S,Category_021,6/20/2012,10
Product_0155,Whse_S,Category_021,7/11/2012,14
Product_0158,Whse_S,Category_021,7/16/2012,329
Product_0354,Whse_S,Category_021,7/16/2012,3
Product_0288,Whse_S,Category_021,7/20/2012,150
Product_0155,Whse_S,Category_021,8/7/2012,224
Product_0288,Whse_S,Category_021,8/7/2012,20
Product_0353,Whse_S,Category_021,8/7/2012,19
Product_0155,Whse_S,Category_021,8/17/2012,914
Product_0155,Whse_S,Category_021,8/17/2012,336
Product_0349,Whse_S,Category_021,9/7/2012,5
Product_0155,Whse_S,Category_021,10/3/2012,2
Product_0349,Whse_S,Category_021,10/18/2012,18
Product_0349,Whse_S,Category_021,10/24/2012,30
Product_0158,Whse_S,Category_021,11/13/2012,60
Product_0154,Whse_S,Category_021,12/5/2012,60
Product_0159,Whse_S,Category_021,12/6/2012,250
Product_0288,Whse_S,Category_021,12/6/2012,150
Product_0155,Whse_S,Category_021,12/12/2012,13
Product_0159,Whse_S,Category_021,12/12/2012,60
Product_0349,Whse_S,Category_021,12/12/2012,3
Product_0155,Whse_S,Category_021,12/26/2012,4
Product_1616,Whse_S,Category_024,2/15/2012,4
Product_1617,Whse_S,Category_024,2/15/2012,4
Product_1645,Whse_S,Category_024,2/15/2012,2
Product_2166,Whse_S,Category_024,1/20/2012,9
Product_1617,Whse_S,Category_024,2/10/2012,2
Product_1645,Whse_S,Category_024,2/10/2012,1
Product_1616,Whse_S,Category_024,3/20/2012,8
Product_1644,Whse_S,Category_024,3/20/2012,4
Product_1618,Whse_S,Category_024,3/29/2012,18
Product_1646,Whse_S,Category_024,3/29/2012,5
Product_2167,Whse_S,Category_024,4/9/2012,22
Product_1616,Whse_S,Category_024,4/18/2012,7
Product_1616,Whse_S,Category_024,4/18/2012,1
Product_1644,Whse_S,Category_024,4/18/2012,4
Product_1646,Whse_S,Category_024,4/18/2012,2
Product_2167,Whse_S,Category_024,5/2/2012,16
Product_2167,Whse_S,Category_024,5/9/2012,15
Product_2166,Whse_S,Category_024,5/11/2012,16
Product_2167,Whse_S,Category_024,5/16/2012,16
Product_1617,Whse_S,Category_024,5/25/2012,12
Product_1645,Whse_S,Category_024,5/25/2012,6
Product_2167,Whse_S,Category_024,5/25/2012,12
Product_2167,Whse_S,Category_024,7/11/2012,6
Product_2167,Whse_S,Category_024,7/18/2012,5
Product_2167,Whse_S,Category_024,7/24/2012,10
Product_2166,Whse_S,Category_024,7/30/2012,1
Product_2167,Whse_S,Category_024,9/12/2012,3
Product_2165,Whse_S,Category_024,11/22/2012,1
Product_2167,Whse_S,Category_024,12/26/2012,2
Product_0200,Whse_S,Category_007,1/13/2012,30
Product_0202,Whse_S,Category_007,1/13/2012,778
Product_0208,Whse_S,Category_007,1/13/2012,778
Product_0209,Whse_S,Category_007,1/13/2012,30
Product_0211,Whse_S,Category_007,1/13/2012,256
Product_2133,Whse_S,Category_009,1/13/2012,530
Product_2139,Whse_S,Category_009,1/13/2012,327
Product_2141,Whse_S,Category_009,1/13/2012,8
Product_2145,Whse_S,Category_009,1/13/2012,1
Product_2145,Whse_S,Category_009,1/19/2012,93
Product_2133,Whse_S,Category_009,6/26/2012,171
Product_0158,Whse_S,Category_021,1/13/2012,325
Product_0159,Whse_S,Category_021,1/13/2012,50
Product_0353,Whse_S,Category_021,1/13/2012,39
Product_0215,Whse_S,Category_007,1/4/2012,14
Product_0214,Whse_S,Category_007,1/4/2012,192
Product_0215,Whse_S,Category_007,1/4/2012,14
Product_0202,Whse_S,Category_007,1/13/2012,24
Product_0204,Whse_S,Category_007,1/13/2012,8
Product_0209,Whse_S,Category_007,1/13/2012,8
Product_0213,Whse_S,Category_007,1/13/2012,8
Product_0215,Whse_S,Category_007,1/13/2012,10
Product_0211,Whse_S,Category_007,9/18/2012,122
Product_0204,Whse_S,Category_007,11/9/2012,24
Product_2133,Whse_S,Category_009,1/4/2012,10
Product_2136,Whse_S,Category_009,1/4/2012,40
Product_2136,Whse_S,Category_009,1/4/2012,124
Product_2142,Whse_S,Category_009,1/4/2012,314
Product_2136,Whse_S,Category_009,1/4/2012,14
Product_2139,Whse_S,Category_009,1/4/2012,10
Product_2141,Whse_S,Category_009,1/4/2012,20
Product_2142,Whse_S,Category_009,1/4/2012,1014
Product_2145,Whse_S,Category_009,1/4/2012,20
Product_2136,Whse_S,Category_009,1/13/2012,14
Product_2139,Whse_S,Category_009,1/13/2012,5
Product_2142,Whse_S,Category_009,1/13/2012,174
Product_2145,Whse_S,Category_009,1/13/2012,5
Product_2128,Whse_S,Category_009,3/20/2012,10
Product_2132,Whse_S,Category_009,3/20/2012,590
Product_2138,Whse_S,Category_009,3/20/2012,30
Product_2144,Whse_S,Category_009,3/20/2012,10
Product_2135,Whse_S,Category_009,5/15/2012,690
Product_2118,Whse_S,Category_009,6/11/2012,38
Product_2138,Whse_S,Category_009,8/9/2012,20
Product_2146,Whse_S,Category_009,8/14/2012,10
Product_0159,Whse_S,Category_021,1/13/2012,8
Product_0158,Whse_S,Category_021,2/1/2012,52
Product_0159,Whse_S,Category_021,2/1/2012,160
Product_0158,Whse_S,Category_021,4/26/2012,300
Product_0159,Whse_S,Category_021,4/26/2012,300
Product_0333,Whse_S,Category_021,4/26/2012,30
Product_0352,Whse_S,Category_021,5/15/2012,7
Product_0352,Whse_S,Category_021,5/15/2012,9
Product_0155,Whse_S,Category_021,6/11/2012,19
Product_0353,Whse_S,Category_021,8/29/2012,50
Product_0354,Whse_S,Category_021,9/14/2012,16
Product_0349,Whse_S,Category_021,10/24/2012,30
Product_2165,Whse_S,Category_024,1/4/2012,24
Product_2169,Whse_S,Category_024,1/4/2012,20
Product_2169,Whse_S,Category_024,1/13/2012,3
Product_2165,Whse_S,Category_024,2/1/2012,17
Product_2169,Whse_S,Category_024,2/1/2012,3
Product_2166,Whse_S,Category_024,3/20/2012,2
Product_2167,Whse_S,Category_024,3/20/2012,4
Product_1618,Whse_S,Category_024,5/25/2012,4
Product_1646,Whse_S,Category_024,5/25/2012,2
Product_2167,Whse_S,Category_024,7/20/2012,15
Product_2169,Whse_S,Category_024,7/26/2012,8
Product_1617,Whse_S,Category_024,8/14/2012,16
Product_2169,Whse_S,Category_024,8/29/2012,10
Product_1616,Whse_S,Category_024,9/5/2012,4
Product_1618,Whse_S,Category_024,9/5/2012,4
Product_1644,Whse_S,Category_024,9/5/2012,2
Product_1646,Whse_S,Category_024,9/5/2012,2
Product_1618,Whse_S,Category_024,9/14/2012,4
Product_1646,Whse_S,Category_024,9/14/2012,2
Product_2165,Whse_S,Category_024,9/14/2012,15
Product_2169,Whse_S,Category_024,10/19/2012,100
Product_1617,Whse_S,Category_024,12/26/2012,4
Product_1618,Whse_S,Category_024,12/26/2012,2
Product_1645,Whse_S,Category_024,12/26/2012,2
Product_1646,Whse_S,Category_024,12/26/2012,1
Product_0159,Whse_S,Category_021,4/12/2012,136
Product_0353,Whse_S,Category_021,4/12/2012,39
Product_0349,Whse_S,Category_021,6/8/2012,1
Product_1617,Whse_S,Category_024,4/12/2012,26
Product_1645,Whse_S,Category_024,4/12/2012,13
Product_1617,Whse_S,Category_024,4/12/2012,16
Product_1645,Whse_S,Category_024,4/12/2012,8
Product_1618,Whse_S,Category_024,10/16/2012,4
Product_1646,Whse_S,Category_024,10/16/2012,2
Product_0202,Whse_S,Category_007,2/23/2012,20
Product_0214,Whse_S,Category_007,2/14/2012,24
Product_0215,Whse_S,Category_007,2/14/2012,6
Product_0215,Whse_S,Category_007,8/10/2012,98
Product_0224,Whse_S,Category_007,8/10/2012,60
Product_0215,Whse_S,Category_007,8/28/2012,98
Product_0224,Whse_S,Category_007,8/28/2012,60
Product_2136,Whse_S,Category_009,2/14/2012,6
Product_2136,Whse_S,Category_009,2/14/2012,19
Product_2136,Whse_S,Category_009,2/14/2012,29
Product_2139,Whse_S,Category_009,2/14/2012,4
Product_2142,Whse_S,Category_009,2/14/2012,54
Product_2145,Whse_S,Category_009,2/14/2012,4
Product_0354,Whse_S,Category_021,1/23/2012,2
Product_0288,Whse_S,Category_021,2/23/2012,10
Product_0353,Whse_S,Category_021,2/23/2012,1
Product_0154,Whse_S,Category_021,8/10/2012,114
Product_2165,Whse_S,Category_024,2/14/2012,1
Product_0213,Whse_S,Category_007,1/11/2012,100
Product_0211,Whse_S,Category_007,3/9/2012,608
Product_0211,Whse_S,Category_007,6/14/2012,80
Product_0208,Whse_S,Category_007,6/28/2012,48
Product_0214,Whse_S,Category_007,7/3/2012,202
Product_0213,Whse_S,Category_007,11/19/2012,100
Product_2131,Whse_S,Category_009,1/11/2012,48
Product_2137,Whse_S,Category_009,1/11/2012,48
Product_2128,Whse_S,Category_009,4/27/2012,24
Product_2132,Whse_S,Category_009,4/27/2012,24
Product_2128,Whse_S,Category_009,6/28/2012,18
Product_2138,Whse_S,Category_009,7/3/2012,105
Product_2118,Whse_S,Category_009,9/14/2012,48
Product_2136,Whse_S,Category_009,10/19/2012,65
Product_2141,Whse_S,Category_009,11/26/2012,72
Product_0158,Whse_S,Category_021,1/11/2012,30
Product_0159,Whse_S,Category_021,1/11/2012,11
Product_0288,Whse_S,Category_021,1/11/2012,50
Product_0158,Whse_S,Category_021,2/22/2012,379
Product_0354,Whse_S,Category_021,2/22/2012,33
Product_0158,Whse_S,Category_021,3/9/2012,172
Product_0353,Whse_S,Category_021,3/9/2012,14
Product_0158,Whse_S,Category_021,4/4/2012,5
Product_0158,Whse_S,Category_021,5/2/2012,300
Product_0159,Whse_S,Category_021,5/2/2012,300
Product_0333,Whse_S,Category_021,5/2/2012,30
Product_0349,Whse_S,Category_021,6/27/2012,3
Product_0349,Whse_S,Category_021,6/28/2012,10
Product_0159,Whse_S,Category_021,8/29/2012,39
Product_0155,Whse_S,Category_021,10/10/2012,40
Product_0349,Whse_S,Category_021,10/19/2012,10
Product_0353,Whse_S,Category_021,10/19/2012,6
Product_0353,Whse_S,Category_021,10/24/2012,20
Product_0159,Whse_S,Category_021,11/9/2012,69
Product_0155,Whse_S,Category_021,11/19/2012,12
Product_0288,Whse_S,Category_021,11/19/2012,200
Product_2167,Whse_S,Category_024,1/11/2012,4
Product_1616,Whse_S,Category_024,2/22/2012,4
Product_1618,Whse_S,Category_024,2/22/2012,4
Product_1646,Whse_S,Category_024,2/22/2012,2
Product_2165,Whse_S,Category_024,2/22/2012,22
Product_1618,Whse_S,Category_024,3/7/2012,12
Product_1646,Whse_S,Category_024,3/7/2012,6
Product_2167,Whse_S,Category_024,4/27/2012,32
Product_2167,Whse_S,Category_024,7/3/2012,6
Product_2167,Whse_S,Category_024,7/3/2012,3
Product_2167,Whse_S,Category_024,8/23/2012,11
Product_2166,Whse_S,Category_024,8/27/2012,10
Product_2166,Whse_S,Category_024,11/9/2012,9
Product_2166,Whse_S,Category_024,11/28/2012,4
Product_0002,Whse_S,Category_005,3/1/2012,50000
Product_0033,Whse_S,Category_005,2/16/2012,150000
Product_0002,Whse_S,Category_005,5/2/2012,50000
Product_0033,Whse_S,Category_005,5/2/2012,150000
Product_0002,Whse_S,Category_005,7/3/2012,30000
Product_0033,Whse_S,Category_005,7/3/2012,150000
Product_0002,Whse_S,Category_005,9/5/2012,10000
Product_0033,Whse_S,Category_005,9/5/2012,150000
Product_0002,Whse_S,Category_005,11/8/2012,30000
Product_0033,Whse_S,Category_005,11/8/2012,150000
Product_0179,Whse_S,Category_007,9/7/2012,200
Product_1275,Whse_J,Category_019,4/27/2012,100
Product_0620,Whse_C,Category_001,2/13/2012,9
Product_0620,Whse_C,Category_001,3/15/2012,197
Product_0620,Whse_C,Category_001,4/9/2012,9
Product_0620,Whse_C,Category_001,6/4/2012,197
Product_0620,Whse_C,Category_001,6/26/2012,4
Product_1859,Whse_C,Category_001,7/20/2012,1
Product_0620,Whse_C,Category_001,8/7/2012,134
Product_0620,Whse_C,Category_001,8/7/2012,53
Product_0620,Whse_C,Category_001,8/7/2012,1
Product_0620,Whse_C,Category_001,8/7/2012,9
Product_0620,Whse_C,Category_001,9/7/2012,3
Product_0620,Whse_C,Category_001,11/8/2012,2
Product_0620,Whse_C,Category_001,10/22/2012,197
Product_0620,Whse_C,Category_001,11/23/2012,2
Product_0620,Whse_C,Category_001,12/3/2012,3
Product_0620,Whse_C,Category_001,12/11/2012,3
Product_1967,Whse_C,Category_005,1/5/2012,8000
Product_1967,Whse_C,Category_005,3/15/2012,5000
Product_1967,Whse_C,Category_005,4/2/2012,3000
Product_1967,Whse_C,Category_005,4/23/2012,2000
Product_1967,Whse_C,Category_005,4/27/2012,2000
Product_1967,Whse_C,Category_005,6/4/2012,8000
Product_1967,Whse_C,Category_005,7/30/2012,8000
Product_1967,Whse_C,Category_005,8/27/2012,4000
Product_1564,Whse_C,Category_019,12/23/2011,5700
Product_1432,Whse_C,Category_019,12/26/2011,118000
Product_0063,Whse_C,Category_019,2/20/2012,25000
Product_1502,Whse_C,Category_019,2/15/2012,500
Product_1342,Whse_C,Category_019,3/14/2012,1000
Product_0094,Whse_C,Category_019,4/5/2012,1000
Product_1480,Whse_C,Category_019,4/5/2012,81000
Product_1564,Whse_C,Category_019,4/5/2012,2000
Product_1281,Whse_C,Category_019,4/16/2012,5000
Product_1432,Whse_C,Category_019,5/1/2012,30000
Product_1342,Whse_C,Category_019,4/24/2012,3000
Product_1432,Whse_C,Category_019,5/9/2012,70000
Product_0094,Whse_C,Category_019,5/15/2012,2000
Product_1281,Whse_C,Category_019,5/15/2012,5000
Product_1281,Whse_C,Category_019,6/4/2012,10000
Product_1342,Whse_C,Category_019,5/15/2012,100000
Product_1502,Whse_C,Category_019,5/15/2012,105500
Product_1432,Whse_C,Category_019,5/17/2012,40000
Product_1341,Whse_C,Category_019,5/22/2012,1000
Product_1394,Whse_C,Category_019,5/22/2012,1000
Product_1432,Whse_C,Category_019,6/8/2012,91000
Product_1281,Whse_C,Category_019,6/4/2012,35000
Product_1480,Whse_C,Category_019,6/11/2012,10000
Product_1480,Whse_C,Category_019,6/12/2012,64000
Product_1480,Whse_C,Category_019,6/12/2012,58000
Product_1281,Whse_C,Category_019,8/6/2012,8000
Product_1564,Whse_C,Category_019,6/19/2012,6600
Product_1281,Whse_C,Category_019,7/10/2012,70000
Product_1564,Whse_C,Category_019,6/22/2012,7000
Product_0071,Whse_C,Category_019,6/26/2012,65000
Product_0071,Whse_C,Category_019,6/26/2012,25000
Product_1432,Whse_C,Category_019,6/26/2012,96000
Product_0071,Whse_C,Category_019,8/21/2012,1000
Product_0071,Whse_C,Category_019,8/30/2012,49000
Product_1432,Whse_C,Category_019,7/13/2012,69000
Product_1342,Whse_C,Category_019,7/17/2012,9000
Product_1480,Whse_C,Category_019,7/17/2012,8000
Product_1502,Whse_C,Category_019,7/17/2012,2750
Product_1342,Whse_C,Category_019,7/17/2012,8000
Product_1480,Whse_C,Category_019,7/17/2012,5000
Product_1502,Whse_C,Category_019,7/17/2012,4000
Product_0094,Whse_C,Category_019,7/20/2012,1000
Product_0063,Whse_C,Category_019,8/30/2012,30000
Product_0071,Whse_C,Category_019,10/28/2012,12000
Product_1432,Whse_C,Category_019,8/15/2012,90000
Product_1341,Whse_C,Category_019,9/4/2012,1000
Product_0071,Whse_C,Category_019,11/4/2012,10000
Product_1394,Whse_C,Category_019,9/17/2012,1000
Product_1432,Whse_C,Category_019,9/17/2012,90000
Product_0071,Whse_C,Category_019,11/4/2012,20000
Product_1564,Whse_C,Category_019,9/25/2012,3000
Product_1564,Whse_C,Category_019,10/12/2012,3000
Product_1480,Whse_C,Category_019,10/16/2012,37000
Product_1564,Whse_C,Category_019,10/16/2012,800
Product_1564,Whse_C,Category_019,10/16/2012,23200
Product_1281,Whse_C,Category_019,10/22/2012,80000
Product_1480,Whse_C,Category_019,10/22/2012,50000
Product_1564,Whse_C,Category_019,10/22/2012,15200
Product_1564,Whse_C,Category_019,10/22/2012,2300
Product_1502,Whse_C,Category_019,10/22/2012,45250
Product_1480,Whse_C,Category_019,11/8/2012,128000
Product_1502,Whse_C,Category_019,11/8/2012,40000
Product_1432,Whse_C,Category_019,11/8/2012,90000
Product_1480,Whse_C,Category_019,11/15/2012,4000
Product_1480,Whse_C,Category_019,11/16/2012,79000
Product_1502,Whse_C,Category_019,11/16/2012,34750
Product_1564,Whse_C,Category_019,11/16/2012,4600
Product_1341,Whse_C,Category_019,11/27/2012,2000
Product_1342,Whse_C,Category_019,11/27/2012,4000
Product_0891,Whse_C,Category_023,2/14/2012,200
Product_0894,Whse_C,Category_023,12/30/2011,200
Product_0894,Whse_C,Category_023,1/5/2012,200
Product_0891,Whse_C,Category_023,2/6/2012,100
Product_0892,Whse_C,Category_023,2/6/2012,250
Product_0893,Whse_C,Category_023,1/19/2012,20
Product_0893,Whse_C,Category_023,2/6/2012,80
Product_0894,Whse_C,Category_023,1/19/2012,100
Product_0894,Whse_C,Category_023,2/6/2012,400
Product_0891,Whse_C,Category_023,2/16/2012,500
Product_0889,Whse_C,Category_023,2/8/2012,40
Product_0884,Whse_C,Category_023,2/15/2012,24
Product_0893,Whse_C,Category_023,3/1/2012,40
Product_0894,Whse_C,Category_023,2/27/2012,240
Product_0894,Whse_C,Category_023,3/15/2012,320
Product_0892,Whse_C,Category_023,3/9/2012,500
Product_0893,Whse_C,Category_023,3/26/2012,40
Product_0893,Whse_C,Category_023,4/23/2012,80
Product_0889,Whse_C,Category_023,3/22/2012,70
Product_0889,Whse_C,Category_023,4/15/2012,40
Product_0891,Whse_C,Category_023,4/2/2012,150
Product_0891,Whse_C,Category_023,4/23/2012,230
Product_0892,Whse_C,Category_023,4/23/2012,200
Product_0891,Whse_C,Category_023,4/23/2012,160
Product_0892,Whse_C,Category_023,4/23/2012,140
Product_0893,Whse_C,Category_023,4/16/2012,130
Product_0894,Whse_C,Category_023,4/23/2012,150
Product_0893,Whse_C,Category_023,4/17/2012,30
Product_0891,Whse_C,Category_023,5/17/2012,150
Product_0892,Whse_C,Category_023,5/17/2012,100
Product_0894,Whse_C,Category_023,5/21/2012,150
Product_0891,Whse_C,Category_023,5/14/2012,120
Product_0891,Whse_C,Category_023,6/11/2012,110
Product_0891,Whse_C,Category_023,7/9/2012,110
Product_0893,Whse_C,Category_023,5/2/2012,50
Product_0894,Whse_C,Category_023,6/11/2012,330
Product_0891,Whse_C,Category_023,5/17/2012,540
Product_0891,Whse_C,Category_023,7/5/2012,10
Product_0892,Whse_C,Category_023,5/17/2012,200
Product_0892,Whse_C,Category_023,6/20/2012,600
Product_0893,Whse_C,Category_023,5/18/2012,30
Product_0893,Whse_C,Category_023,5/18/2012,20
Product_0893,Whse_C,Category_023,6/18/2012,120
Product_0893,Whse_C,Category_023,6/18/2012,20
Product_0893,Whse_C,Category_023,6/18/2012,20
Product_0893,Whse_C,Category_023,6/21/2012,100
Product_0893,Whse_C,Category_023,6/21/2012,20
Product_0893,Whse_C,Category_023,6/26/2012,20
Product_0893,Whse_C,Category_023,6/8/2012,100
Product_0893,Whse_C,Category_023,6/8/2012,60
Product_0889,Whse_C,Category_023,6/20/2012,30
Product_0891,Whse_C,Category_023,6/20/2012,400
Product_0894,Whse_C,Category_023,6/20/2012,300
Product_0891,Whse_C,Category_023,6/15/2012,50
Product_0891,Whse_C,Category_023,6/26/2012,200
Product_0893,Whse_C,Category_023,6/21/2012,160
Product_0872,Whse_C,Category_023,6/27/2012,250
Product_0872,Whse_C,Category_023,6/27/2012,750
Product_0883,Whse_C,Category_023,6/27/2012,70
Product_0889,Whse_C,Category_023,6/27/2012,310
Product_0891,Whse_C,Category_023,7/10/2012,100
Product_0891,Whse_C,Category_023,8/6/2012,300
Product_0892,Whse_C,Category_023,7/10/2012,100
Product_0892,Whse_C,Category_023,7/18/2012,400
Product_0872,Whse_C,Category_023,6/29/2012,2000
Product_0894,Whse_C,Category_023,7/3/2012,200
Product_0891,Whse_C,Category_023,8/6/2012,400
Product_0893,Whse_C,Category_023,7/20/2012,100
Product_0894,Whse_C,Category_023,7/20/2012,10
Product_0889,Whse_C,Category_023,7/20/2012,110
Product_0889,Whse_C,Category_023,8/20/2012,60
Product_0889,Whse_C,Category_023,8/20/2012,100
Product_0889,Whse_C,Category_023,9/3/2012,150
Product_0894,Whse_C,Category_023,7/20/2012,80
Product_0894,Whse_C,Category_023,8/6/2012,400
Product_0894,Whse_C,Category_023,9/3/2012,300
Product_0877,Whse_C,Category_023,7/25/2012,15640
Product_0877,Whse_C,Category_023,8/6/2012,5960
Product_0889,Whse_C,Category_023,8/31/2012,360
Product_0891,Whse_C,Category_023,9/11/2012,300
Product_0892,Whse_C,Category_023,9/11/2012,450
Product_0893,Whse_C,Category_023,8/21/2012,280
Product_0894,Whse_C,Category_023,9/11/2012,200
Product_0893,Whse_C,Category_023,10/8/2012,100
Product_0890,Whse_C,Category_023,9/3/2012,10
Product_0891,Whse_C,Category_023,10/9/2012,350
Product_0891,Whse_C,Category_023,12/2/2012,150
Product_0892,Whse_C,Category_023,10/15/2012,130
Product_0893,Whse_C,Category_023,10/9/2012,20
Product_0893,Whse_C,Category_023,11/26/2012,70
Product_0893,Whse_C,Category_023,11/27/2012,70
Product_0894,Whse_C,Category_023,12/3/2012,260
Product_0368,Whse_C,Category_030,5/22/2012,500
Product_0368,Whse_C,Category_030,6/27/2012,500
Product_0453,Whse_S,Category_015,3/8/2012,30
Product_0453,Whse_S,Category_015,3/8/2012,10
Product_0463,Whse_S,Category_015,3/8/2012,36
Product_0463,Whse_S,Category_015,3/8/2012,64
Product_0453,Whse_S,Category_015,5/23/2012,560
Product_0445,Whse_S,Category_015,5/24/2012,4
Product_0304,Whse_S,Category_015,5/31/2012,300
Product_0150,Whse_S,Category_015,8/6/2012,7
Product_0458,Whse_S,Category_015,11/20/2012,4
Product_0538,Whse_S,Category_022,8/6/2012,3
Product_0541,Whse_S,Category_022,8/6/2012,3
Product_0202,Whse_S,Category_007,2/2/2012,2000
Product_0206,Whse_S,Category_007,3/8/2012,700
Product_0204,Whse_S,Category_007,5/6/2012,666
Product_0204,Whse_S,Category_007,5/6/2012,1334
Product_0202,Whse_S,Category_007,8/6/2012,4000
Product_0204,Whse_S,Category_007,9/27/2012,134
Product_0200,Whse_S,Category_007,11/9/2012,597
Product_2133,Whse_S,Category_009,2/28/2012,34
Product_2133,Whse_S,Category_009,3/8/2012,270
Product_2133,Whse_S,Category_009,3/8/2012,507
Product_2135,Whse_S,Category_009,3/8/2012,12
Product_2139,Whse_S,Category_009,3/8/2012,157
Product_2118,Whse_S,Category_009,3/8/2012,125
Product_2142,Whse_S,Category_009,3/8/2012,560
Product_2133,Whse_S,Category_009,3/22/2012,12
Product_2135,Whse_S,Category_009,3/28/2012,12
Product_2137,Whse_S,Category_009,4/5/2012,225
Product_2143,Whse_S,Category_009,4/5/2012,390
Product_2146,Whse_S,Category_009,4/5/2012,61
Product_2133,Whse_S,Category_009,5/6/2012,600
Product_2139,Whse_S,Category_009,5/6/2012,450
Product_2133,Whse_S,Category_009,5/1/2012,96
Product_2137,Whse_S,Category_009,5/1/2012,84
Product_2142,Whse_S,Category_009,5/8/2012,100
Product_2118,Whse_S,Category_009,5/15/2012,25
Product_2143,Whse_S,Category_009,5/24/2012,45
Product_2136,Whse_S,Category_009,6/21/2012,96
Product_2118,Whse_S,Category_009,7/6/2012,100
Product_2138,Whse_S,Category_009,7/16/2012,100
Product_2124,Whse_S,Category_009,7/16/2012,56
Product_2144,Whse_S,Category_009,7/10/2012,38
Product_2132,Whse_S,Category_009,11/19/2012,166
Product_2132,Whse_S,Category_009,11/20/2012,57
Product_2138,Whse_S,Category_009,11/9/2012,265
Product_0287,Whse_S,Category_021,1/5/2012,3000
Product_0159,Whse_S,Category_021,2/8/2012,100
Product_0158,Whse_S,Category_021,2/16/2012,200
Product_0353,Whse_S,Category_021,3/8/2012,42
Product_0287,Whse_S,Category_021,3/8/2012,3000
Product_0353,Whse_S,Category_021,4/4/2012,2
Product_0287,Whse_S,Category_021,5/18/2012,3000
Product_0349,Whse_S,Category_021,5/1/2012,14
Product_0353,Whse_S,Category_021,5/1/2012,5
Product_0343,Whse_S,Category_021,5/14/2012,22
Product_0158,Whse_S,Category_021,6/5/2012,200
Product_0159,Whse_S,Category_021,6/15/2012,200
Product_0131,Whse_S,Category_021,8/21/2012,150
Product_0131,Whse_S,Category_021,8/24/2012,200
Product_0162,Whse_S,Category_021,10/8/2012,4
Product_0288,Whse_S,Category_021,11/27/2012,3000
Product_1092,Whse_S,Category_024,1/3/2012,1
Product_2167,Whse_S,Category_024,2/5/2012,60
Product_2167,Whse_S,Category_024,2/2/2012,300
Product_1092,Whse_S,Category_024,2/5/2012,2
Product_1617,Whse_S,Category_024,4/5/2012,4
Product_1645,Whse_S,Category_024,4/5/2012,4
Product_1092,Whse_S,Category_024,6/8/2012,24
Product_2167,Whse_S,Category_024,6/21/2012,50
Product_2167,Whse_S,Category_024,7/13/2012,150
Product_2167,Whse_S,Category_024,11/9/2012,200
Product_0936,Whse_S,Category_006,8/6/2012,50000
Product_1904,Whse_C,Category_019,1/5/2012,42000
Product_1904,Whse_C,Category_019,1/13/2012,4000
Product_1904,Whse_C,Category_019,1/16/2012,115000
Product_1431,Whse_C,Category_019,1/31/2012,9000
Product_1904,Whse_C,Category_019,1/31/2012,150000
Product_1904,Whse_C,Category_019,2/10/2012,2000
Product_1431,Whse_C,Category_019,2/17/2012,6000
Product_1904,Whse_C,Category_019,2/17/2012,50000
Product_1904,Whse_C,Category_019,2/23/2012,2000
Product_1904,Whse_C,Category_019,2/24/2012,30000
Product_1904,Whse_C,Category_019,2/28/2012,2000
Product_1431,Whse_C,Category_019,3/5/2012,8000
Product_1431,Whse_C,Category_019,3/6/2012,3000
Product_1904,Whse_C,Category_019,3/8/2012,50000
Product_1431,Whse_C,Category_019,3/16/2012,4000
Product_1904,Whse_C,Category_019,3/16/2012,50000
Product_1904,Whse_C,Category_019,3/21/2012,54000
Product_1904,Whse_C,Category_019,3/26/2012,10000
Product_1431,Whse_C,Category_019,3/29/2012,10000
Product_1904,Whse_C,Category_019,3/29/2012,2000
Product_1904,Whse_C,Category_019,4/6/2012,50000
Product_1431,Whse_C,Category_019,4/11/2012,8000
Product_1904,Whse_C,Category_019,5/8/2012,70000
Product_1431,Whse_C,Category_019,5/31/2012,5000
Product_1904,Whse_C,Category_019,5/31/2012,50000
Product_1904,Whse_C,Category_019,7/5/2012,50000
Product_1904,Whse_C,Category_019,7/19/2012,50000
Product_1904,Whse_C,Category_019,7/26/2012,50000
Product_1904,Whse_C,Category_019,8/23/2012,50000
Product_1904,Whse_C,Category_019,8/30/2012,50000
Product_1904,Whse_C,Category_019,9/11/2012,6000
Product_1904,Whse_C,Category_019,9/19/2012,26000
Product_1904,Whse_C,Category_019,9/24/2012,26000
Product_1904,Whse_C,Category_019,10/11/2012,100000
Product_1431,Whse_C,Category_019,10/26/2012,5000
Product_1904,Whse_C,Category_019,11/7/2012,16000
Product_1904,Whse_C,Category_019,11/8/2012,100000
Product_1431,Whse_C,Category_019,11/15/2012,4000
Product_1904,Whse_C,Category_019,11/26/2012,100000
Product_1431,Whse_C,Category_019,12/3/2012,12000
Product_1904,Whse_C,Category_019,12/14/2012,12000
Product_0374,Whse_S,Category_030,12/26/2011,50000
Product_0385,Whse_S,Category_030,12/26/2011,5000
Product_0387,Whse_S,Category_030,12/26/2011,5000
Product_0387,Whse_S,Category_030,3/20/2012,8000
Product_0387,Whse_S,Category_030,5/23/2012,10000
Product_0387,Whse_S,Category_030,6/4/2012,10000
Product_0374,Whse_S,Category_030,6/5/2012,50000
Product_0387,Whse_S,Category_030,6/5/2012,15000
Product_0374,Whse_S,Category_030,6/22/2012,10000
Product_0374,Whse_S,Category_030,9/17/2012,25000
Product_0374,Whse_S,Category_030,9/27/2012,40000
Product_0374,Whse_S,Category_030,10/9/2012,3000
Product_0374,Whse_S,Category_030,10/9/2012,22000
Product_0374,Whse_S,Category_030,10/15/2012,15000
Product_0374,Whse_S,Category_030,11/23/2012,15000
Product_0385,Whse_S,Category_030,11/23/2012,5000
Product_0374,Whse_S,Category_030,11/30/2012,15000
Product_0385,Whse_S,Category_030,11/30/2012,5000
Product_0385,Whse_S,Category_030,12/4/2012,5000
Product_1431,Whse_C,Category_019,4/16/2012,39000
Product_1485,Whse_C,Category_019,4/9/2012,4000
Product_1485,Whse_C,Category_019,4/9/2012,6000
Product_1520,Whse_C,Category_019,4/9/2012,28000
Product_1520,Whse_C,Category_019,4/9/2012,20000
Product_1520,Whse_C,Category_019,4/9/2012,27000
Product_1520,Whse_C,Category_019,4/9/2012,5000
Product_1278,Whse_C,Category_019,5/9/2012,21000
Product_1431,Whse_C,Category_019,5/9/2012,2000
Product_1431,Whse_C,Category_019,5/9/2012,18000
Product_1520,Whse_C,Category_019,5/9/2012,10000
Product_1278,Whse_C,Category_019,6/7/2012,18000
Product_1431,Whse_C,Category_019,6/7/2012,77000
Product_1278,Whse_C,Category_019,7/27/2012,8000
Product_1431,Whse_C,Category_019,7/27/2012,12000
Product_1485,Whse_C,Category_019,7/27/2012,2000
Product_1520,Whse_C,Category_019,7/27/2012,3000
Product_1431,Whse_C,Category_019,11/22/2012,41000
Product_1485,Whse_C,Category_019,11/22/2012,1000
Product_1570,Whse_S,Category_019,1/3/2012,90000
Product_1570,Whse_S,Category_019,1/4/2012,60000
Product_1571,Whse_S,Category_019,1/3/2012,18000
Product_1570,Whse_S,Category_019,1/4/2012,30000
Product_1571,Whse_S,Category_019,1/4/2012,1000
Product_1570,Whse_S,Category_019,1/4/2012,30000
Product_1571,Whse_S,Category_019,1/4/2012,500
Product_1570,Whse_S,Category_019,1/17/2012,30000
Product_1571,Whse_S,Category_019,1/17/2012,7000
Product_1570,Whse_S,Category_019,2/7/2012,60000
Product_1571,Whse_S,Category_019,2/7/2012,15000
Product_1570,Whse_S,Category_019,2/21/2012,15000
Product_1571,Whse_S,Category_019,2/21/2012,1500
Product_1570,Whse_S,Category_019,4/4/2012,15000
Product_1571,Whse_S,Category_019,5/2/2012,70000
Product_1571,Whse_S,Category_019,5/16/2012,60000
Product_1570,Whse_S,Category_019,6/13/2012,30000
Product_1570,Whse_S,Category_019,7/25/2012,60000
Product_1570,Whse_S,Category_019,9/27/2012,60000
Product_1570,Whse_S,Category_019,10/8/2012,60000
Product_1570,Whse_S,Category_019,10/15/2012,60000
Product_1570,Whse_S,Category_019,10/30/2012,30000
Product_1570,Whse_S,Category_019,11/26/2012,30000
Product_1570,Whse_S,Category_019,12/10/2012,30000
Product_1570,Whse_S,Category_019,12/17/2012,60000
Product_1571,Whse_S,Category_019,12/17/2012,42000
Product_1570,Whse_S,Category_019,1/7/2013,60000
Product_1274,Whse_J,Category_019,1/5/2012,30000
Product_1274,Whse_J,Category_019,1/13/2012,10000
Product_1274,Whse_J,Category_019,2/2/2012,40000
Product_1274,Whse_J,Category_019,2/1/2012,1000
Product_1274,Whse_J,Category_019,2/1/2012,20000
Product_1274,Whse_J,Category_019,2/9/2012,10000
Product_1274,Whse_J,Category_019,2/29/2012,30000
Product_1274,Whse_J,Category_019,3/8/2012,50000
Product_1274,Whse_J,Category_019,3/28/2012,10000
Product_1274,Whse_J,Category_019,3/30/2012,20000
Product_1274,Whse_J,Category_019,4/5/2012,20000
Product_1274,Whse_J,Category_019,4/4/2012,1000
Product_1274,Whse_J,Category_019,4/6/2012,5000
Product_1274,Whse_J,Category_019,5/9/2012,30000
Product_1274,Whse_J,Category_019,5/17/2012,20000
Product_1274,Whse_J,Category_019,5/30/2012,30000
Product_1274,Whse_J,Category_019,6/6/2012,20000
Product_1274,Whse_J,Category_019,6/11/2012,20000
Product_1274,Whse_J,Category_019,6/27/2012,20000
Product_1274,Whse_J,Category_019,6/28/2012,20000
Product_1274,Whse_J,Category_019,7/4/2012,20000
Product_1274,Whse_J,Category_019,7/25/2012,20000
Product_1274,Whse_J,Category_019,7/31/2012,40000
Product_1274,Whse_J,Category_019,8/28/2012,10000
Product_1274,Whse_J,Category_019,8/29/2012,70000
Product_1274,Whse_J,Category_019,9/20/2012,20000
Product_1274,Whse_J,Category_019,9/25/2012,10000
Product_1274,Whse_J,Category_019,9/27/2012,1000
Product_1274,Whse_J,Category_019,10/3/2012,20000
Product_1274,Whse_J,Category_019,10/2/2012,20000
Product_1274,Whse_J,Category_019,10/10/2012,30000
Product_1274,Whse_J,Category_019,11/1/2012,20000
Product_1274,Whse_J,Category_019,10/31/2012,40000
Product_1274,Whse_J,Category_019,11/8/2012,30000
Product_1274,Whse_J,Category_019,11/13/2012,10000
Product_1274,Whse_J,Category_019,11/28/2012,20000
Product_1274,Whse_J,Category_019,11/29/2012,30000
Product_1274,Whse_J,Category_019,12/6/2012,30000
Product_1274,Whse_J,Category_019,12/10/2012,10000
Product_1274,Whse_J,Category_019,12/11/2012,3000
Product_1570,Whse_C,Category_019,1/5/2012,2000
Product_1570,Whse_C,Category_019,1/10/2012,10000
Product_1570,Whse_C,Category_019,1/19/2012,20000
Product_1570,Whse_C,Category_019,1/31/2012,10000
Product_1355,Whse_C,Category_019,2/24/2012,2000
Product_1570,Whse_C,Category_019,3/2/2012,4000
Product_1570,Whse_C,Category_019,3/16/2012,5000
Product_1570,Whse_C,Category_019,3/27/2012,5500
Product_1570,Whse_C,Category_019,4/6/2012,9000
Product_1570,Whse_C,Category_019,4/10/2012,14000
Product_1570,Whse_C,Category_019,4/23/2012,4000
Product_1570,Whse_C,Category_019,5/8/2012,4000
Product_1570,Whse_C,Category_019,5/24/2012,12000
Product_1570,Whse_C,Category_019,5/25/2012,20000
Product_1570,Whse_C,Category_019,7/16/2012,9000
Product_1570,Whse_C,Category_019,7/26/2012,3000
Product_1570,Whse_C,Category_019,8/2/2012,3500
Product_1570,Whse_C,Category_019,8/14/2012,9000
Product_1570,Whse_C,Category_019,8/17/2012,2000
Product_1570,Whse_C,Category_019,10/15/2012,4000
Product_1570,Whse_C,Category_019,10/19/2012,9000
Product_1570,Whse_C,Category_019,10/31/2012,12000
Product_0202,Whse_S,Category_007,4/27/2012,454
Product_2132,Whse_S,Category_009,3/8/2012,46
Product_2135,Whse_S,Category_009,3/8/2012,162
Product_2132,Whse_S,Category_009,4/27/2012,146
Product_0213,Whse_S,Category_007,9/13/2012,438
Product_0154,Whse_S,Category_021,9/13/2012,135
Product_1616,Whse_S,Category_024,9/13/2012,2
Product_1644,Whse_S,Category_024,9/13/2012,1
Product_1646,Whse_S,Category_024,9/13/2012,2
Product_1646,Whse_S,Category_024,11/2/2012,2
Product_0544,Whse_S,Category_015,4/25/2012,2
Product_0215,Whse_S,Category_007,3/15/2012,198
Product_0224,Whse_S,Category_007,3/15/2012,197
Product_0209,Whse_S,Category_007,4/17/2012,96
Product_0213,Whse_S,Category_007,4/17/2012,368
Product_2137,Whse_S,Category_009,3/21/2012,43
Product_2133,Whse_S,Category_009,4/17/2012,4
Product_2135,Whse_S,Category_009,4/17/2012,96
Product_2137,Whse_S,Category_009,4/17/2012,368
Product_2132,Whse_S,Category_009,4/25/2012,308
Product_0154,Whse_S,Category_021,3/21/2012,100
Product_0155,Whse_S,Category_021,3/21/2012,38
Product_0288,Whse_S,Category_021,3/21/2012,50
Product_1616,Whse_S,Category_024,9/4/2012,12
Product_1644,Whse_S,Category_024,9/4/2012,2
Product_1616,Whse_S,Category_024,9/4/2012,10
Product_1644,Whse_S,Category_024,9/4/2012,5
Product_1859,Whse_S,Category_001,2/7/2012,4
Product_1859,Whse_S,Category_001,2/27/2012,4
Product_1859,Whse_S,Category_001,3/27/2012,4
Product_1859,Whse_S,Category_001,3/27/2012,4
Product_1859,Whse_S,Category_001,4/17/2012,2
Product_0620,Whse_S,Category_001,5/17/2012,20
Product_0034,Whse_S,Category_005,1/16/2012,200
Product_0034,Whse_S,Category_005,3/29/2012,1000
Product_1466,Whse_S,Category_019,3/12/2012,17000
Product_1466,Whse_S,Category_019,6/14/2012,17000
Product_1466,Whse_S,Category_019,9/17/2012,10000
Product_0374,Whse_S,Category_030,5/2/2012,1000
Product_0390,Whse_S,Category_030,5/2/2012,1000
Product_0111,Whse_S,Category_032,5/2/2012,120
Product_0115,Whse_S,Category_032,5/2/2012,120
Product_0588,Whse_S,Category_032,5/2/2012,120
Product_0115,Whse_S,Category_032,5/11/2012,1800
Product_1274,Whse_J,Category_019,1/6/2012,11000
Product_1451,Whse_J,Category_019,1/11/2012,32000
Product_1451,Whse_J,Category_019,1/13/2012,10000
Product_1451,Whse_J,Category_019,1/23/2012,85000
Product_1451,Whse_J,Category_019,1/24/2012,62000
Product_1451,Whse_J,Category_019,1/31/2012,60000
Product_1451,Whse_J,Category_019,2/6/2012,30000
Product_1451,Whse_J,Category_019,2/7/2012,43000
Product_1451,Whse_J,Category_019,2/7/2012,10000
Product_1451,Whse_J,Category_019,2/24/2012,3000
Product_1274,Whse_J,Category_019,4/4/2012,3000
Product_1451,Whse_J,Category_019,4/17/2012,10000
Product_1359,Whse_J,Category_019,1/12/2012,6000
Product_1359,Whse_J,Category_019,1/16/2012,50000
Product_1359,Whse_J,Category_019,1/16/2012,14000
Product_1359,Whse_J,Category_019,1/24/2012,39000
Product_1359,Whse_J,Category_019,1/25/2012,25000
Product_1359,Whse_J,Category_019,1/25/2012,20000
Product_1359,Whse_J,Category_019,2/20/2012,20000
Product_1359,Whse_J,Category_019,1/31/2012,25000
Product_1359,Whse_J,Category_019,2/7/2012,25000
Product_1359,Whse_J,Category_019,1/31/2012,12000
Product_1359,Whse_J,Category_019,2/7/2012,35000
Product_1359,Whse_J,Category_019,2/13/2012,25000
Product_1359,Whse_J,Category_019,2/13/2012,13000
Product_1359,Whse_J,Category_019,2/15/2012,1000
Product_1359,Whse_J,Category_019,2/21/2012,60000
Product_1359,Whse_J,Category_019,2/23/2012,50000
Product_1359,Whse_J,Category_019,3/5/2012,50000
Product_1359,Whse_J,Category_019,2/28/2012,10000
Product_1359,Whse_J,Category_019,3/1/2012,1000
Product_1359,Whse_J,Category_019,3/6/2012,11000
Product_1359,Whse_J,Category_019,3/26/2012,25000
Product_1359,Whse_J,Category_019,3/12/2012,12000
Product_1359,Whse_J,Category_019,3/15/2012,1000
Product_1359,Whse_J,Category_019,4/4/2012,25000
Product_1359,Whse_J,Category_019,3/21/2012,7000
Product_1359,Whse_J,Category_019,3/22/2012,1000
Product_1359,Whse_J,Category_019,3/30/2012,25000
Product_1359,Whse_J,Category_019,3/21/2012,20000
Product_1359,Whse_J,Category_019,4/11/2012,20000
Product_1359,Whse_J,Category_019,5/10/2012,20000
Product_1359,Whse_J,Category_019,3/27/2012,11000
Product_1359,Whse_J,Category_019,4/4/2012,25000
Product_1359,Whse_J,Category_019,4/5/2012,25000
Product_1359,Whse_J,Category_019,4/2/2012,10000
Product_1359,Whse_J,Category_019,4/4/2012,1000
Product_1359,Whse_J,Category_019,4/9/2012,25000
Product_1359,Whse_J,Category_019,4/9/2012,15000
Product_1359,Whse_J,Category_019,4/17/2012,11000
Product_1359,Whse_J,Category_019,4/20/2012,25000
Product_1359,Whse_J,Category_019,4/27/2012,25000
Product_1359,Whse_J,Category_019,4/23/2012,34000
Product_1359,Whse_J,Category_019,6/1/2012,20000
Product_1359,Whse_J,Category_019,5/1/2012,11000
Product_1359,Whse_J,Category_019,5/14/2012,10000
Product_1359,Whse_J,Category_019,5/21/2012,25000
Product_1359,Whse_J,Category_019,5/22/2012,10000
Product_1359,Whse_J,Category_019,5/29/2012,8000
Product_1359,Whse_J,Category_019,6/4/2012,9000
Product_1359,Whse_J,Category_019,6/5/2012,25000
Product_1359,Whse_J,Category_019,6/11/2012,8000
Product_1359,Whse_J,Category_019,6/21/2012,1000
Product_1359,Whse_J,Category_019,6/20/2012,20000
Product_1359,Whse_J,Category_019,7/4/2012,20000
Product_1359,Whse_J,Category_019,6/19/2012,10000
Product_1359,Whse_J,Category_019,6/20/2012,25000
Product_1359,Whse_J,Category_019,6/26/2012,36000
Product_1359,Whse_J,Category_019,7/2/2012,25000
Product_1359,Whse_J,Category_019,7/4/2012,10000
Product_1359,Whse_J,Category_019,7/9/2012,15000
Product_1359,Whse_J,Category_019,7/18/2012,14000
Product_1359,Whse_J,Category_019,7/23/2012,20000
Product_1359,Whse_J,Category_019,7/25/2012,1000
Product_1359,Whse_J,Category_019,8/22/2012,20000
Product_1359,Whse_J,Category_019,7/24/2012,10000
Product_1359,Whse_J,Category_019,8/1/2012,9000
Product_1359,Whse_J,Category_019,8/7/2012,7000
Product_1359,Whse_J,Category_019,8/22/2012,1000
Product_1359,Whse_J,Category_019,8/21/2012,13000
Product_1359,Whse_J,Category_019,8/28/2012,13000
Product_1359,Whse_J,Category_019,9/3/2012,9000
Product_1359,Whse_J,Category_019,9/10/2012,16000
Product_1359,Whse_J,Category_019,9/11/2012,1000
Product_1359,Whse_J,Category_019,9/11/2012,1000
Product_1359,Whse_J,Category_019,9/12/2012,10000
Product_1359,Whse_J,Category_019,10/11/2012,10000
Product_1359,Whse_J,Category_019,9/19/2012,5000
Product_1359,Whse_J,Category_019,9/25/2012,8000
Product_1359,Whse_J,Category_019,10/1/2012,8000
Product_1359,Whse_J,Category_019,10/9/2012,7000
Product_1359,Whse_J,Category_019,10/16/2012,7000
Product_1359,Whse_J,Category_019,10/24/2012,1000
Product_1359,Whse_J,Category_019,10/23/2012,13000
Product_1359,Whse_J,Category_019,10/30/2012,11000
Product_1359,Whse_J,Category_019,11/6/2012,9000
Product_1359,Whse_J,Category_019,11/12/2012,9000
Product_1359,Whse_J,Category_019,11/14/2012,10000
Product_1359,Whse_J,Category_019,12/12/2012,10000
Product_1359,Whse_J,Category_019,11/20/2012,9000
Product_1359,Whse_J,Category_019,11/29/2012,18000
Product_1359,Whse_J,Category_019,12/3/2012,9000
Product_1359,Whse_J,Category_019,12/5/2012,1000
Product_1359,Whse_J,Category_019,12/10/2012,12000
Product_1359,Whse_J,Category_019,12/18/2012,10000
Product_1359,Whse_J,Category_019,12/21/2012,1000
Product_1359,Whse_J,Category_019,12/19/2012,20000
Product_1359,Whse_J,Category_019,12/26/2012,4000
Product_1719,Whse_S,Category_003,9/13/2012,54
Product_1435,Whse_S,Category_019,5/3/2012,20000
Product_1435,Whse_S,Category_019,6/22/2012,1000
Product_1435,Whse_S,Category_019,6/25/2012,20000
Product_1435,Whse_S,Category_019,6/25/2012,32000
Product_1435,Whse_S,Category_019,7/20/2012,68000
Product_0146,Whse_S,Category_005,1/16/2012,10000
Product_0145,Whse_S,Category_005,1/30/2012,20000
Product_0146,Whse_S,Category_005,2/13/2012,20000
Product_0145,Whse_S,Category_005,2/20/2012,10000
Product_0145,Whse_S,Category_005,3/6/2012,15000
Product_0146,Whse_S,Category_005,3/6/2012,10000
Product_0145,Whse_S,Category_005,3/20/2012,10000
Product_0146,Whse_S,Category_005,3/20/2012,15000
Product_0145,Whse_S,Category_005,4/3/2012,15000
Product_0146,Whse_S,Category_005,4/3/2012,10000
Product_0146,Whse_S,Category_005,4/10/2012,15000
Product_0145,Whse_S,Category_005,4/23/2012,10000
Product_0146,Whse_S,Category_005,4/23/2012,10000
Product_0146,Whse_S,Category_005,5/16/2012,20000
Product_0145,Whse_S,Category_005,6/6/2012,10000
Product_0146,Whse_S,Category_005,6/6/2012,10000
Product_0145,Whse_S,Category_005,6/20/2012,20000
Product_0146,Whse_S,Category_005,6/20/2012,20000
Product_0145,Whse_S,Category_005,7/11/2012,10000
Product_0145,Whse_S,Category_005,7/18/2012,10000
Product_0146,Whse_S,Category_005,7/18/2012,20000
Product_0145,Whse_S,Category_005,8/8/2012,25000
Product_0146,Whse_S,Category_005,8/8/2012,20000
Product_0145,Whse_S,Category_005,8/22/2012,10000
Product_0146,Whse_S,Category_005,8/22/2012,10000
Product_0145,Whse_S,Category_005,9/19/2012,20000
Product_0146,Whse_S,Category_005,9/19/2012,20000
Product_0145,Whse_S,Category_005,10/3/2012,10000
Product_0146,Whse_S,Category_005,9/26/2012,10000
Product_0145,Whse_S,Category_005,10/23/2012,20000
Product_0146,Whse_S,Category_005,10/23/2012,40000
Product_0145,Whse_S,Category_005,11/7/2012,10000
Product_0146,Whse_S,Category_005,11/7/2012,10000
Product_0145,Whse_S,Category_005,11/20/2012,10000
Product_0146,Whse_S,Category_005,11/20/2012,8000
Product_0146,Whse_S,Category_005,12/4/2012,12000
Product_2008,Whse_C,Category_005,3/20/2012,1000
Product_2008,Whse_C,Category_005,5/7/2012,1000
Product_1986,Whse_C,Category_005,5/24/2012,200
Product_2008,Whse_C,Category_005,6/7/2012,1000
Product_1986,Whse_C,Category_005,8/6/2012,200
Product_1986,Whse_C,Category_005,11/28/2012,300
Product_1404,Whse_C,Category_019,2/15/2012,2000
Product_1404,Whse_C,Category_019,3/29/2012,5000
Product_1394,Whse_C,Category_019,5/17/2012,3000
Product_1404,Whse_C,Category_019,5/17/2012,2000
Product_1404,Whse_C,Category_019,7/6/2012,7000
Product_1404,Whse_C,Category_019,7/18/2012,3000
Product_1404,Whse_C,Category_019,8/6/2012,1000
Product_1404,Whse_C,Category_019,8/20/2012,1000
Product_1404,Whse_C,Category_019,9/6/2012,5000
Product_1393,Whse_C,Category_019,12/10/2012,10000
Product_0556,Whse_C,Category_030,5/2/2012,8000
Product_0553,Whse_C,Category_030,7/18/2012,500
Product_1450,Whse_S,Category_019,12/27/2011,2000
Product_1450,Whse_S,Category_019,1/5/2012,1000
Product_1450,Whse_S,Category_019,1/6/2012,2000
Product_1450,Whse_S,Category_019,1/26/2012,7000
Product_1356,Whse_S,Category_019,2/8/2012,1000
Product_1450,Whse_S,Category_019,2/8/2012,1000
Product_1450,Whse_S,Category_019,3/1/2012,1000
Product_1450,Whse_S,Category_019,3/30/2012,2000
Product_1356,Whse_S,Category_019,4/12/2012,1000
Product_1356,Whse_S,Category_019,4/26/2012,2000
Product_1450,Whse_S,Category_019,5/11/2012,2000
Product_1450,Whse_S,Category_019,5/25/2012,3000
Product_1356,Whse_S,Category_019,6/8/2012,1000
Product_1356,Whse_S,Category_019,7/6/2012,1000
Product_1450,Whse_S,Category_019,7/6/2012,2000
Product_1450,Whse_S,Category_019,8/3/2012,1000
Product_1356,Whse_S,Category_019,9/28/2012,2000
Product_1450,Whse_S,Category_019,9/14/2012,2000
Product_1450,Whse_S,Category_019,10/12/2012,1000
Product_1450,Whse_S,Category_019,10/25/2012,2000
Product_1356,Whse_S,Category_019,11/23/2012,2000
Product_1450,Whse_S,Category_019,11/9/2012,2000
Product_1450,Whse_S,Category_019,11/8/2012,5000
Product_1356,Whse_S,Category_019,11/23/2012,1000
Product_1450,Whse_S,Category_019,12/21/2012,2000
Product_1904,Whse_S,Category_019,7/16/2012,5000
Product_0639,Whse_S,Category_019,5/5/2012,20
Product_1219,Whse_J,Category_019,1/5/2012,2000
Product_1447,Whse_J,Category_019,1/16/2012,1000
Product_1219,Whse_J,Category_019,1/26/2012,2000
Product_1273,Whse_J,Category_019,2/8/2012,9000
Product_1527,Whse_J,Category_019,2/9/2012,1000
Product_1447,Whse_J,Category_019,2/10/2012,1000
Product_1273,Whse_J,Category_019,2/14/2012,20000
Product_1219,Whse_J,Category_019,2/23/2012,2000
Product_1447,Whse_J,Category_019,3/2/2012,1000
Product_1527,Whse_J,Category_019,3/13/2012,1000
Product_1219,Whse_J,Category_019,3/19/2012,2000
Product_1273,Whse_J,Category_019,4/2/2012,7000
Product_1447,Whse_J,Category_019,4/2/2012,1000
Product_1273,Whse_J,Category_019,4/8/2012,1000
Product_1273,Whse_J,Category_019,4/26/2012,6000
Product_1447,Whse_J,Category_019,5/1/2012,1000
Product_1219,Whse_J,Category_019,5/11/2012,1000
Product_1273,Whse_J,Category_019,5/18/2012,5000
Product_1527,Whse_J,Category_019,6/11/2012,1000
Product_1219,Whse_J,Category_019,6/13/2012,4000
Product_1273,Whse_J,Category_019,6/27/2012,7000
Product_1447,Whse_J,Category_019,7/2/2012,1000
Product_1219,Whse_J,Category_019,7/23/2012,1000
Product_1273,Whse_J,Category_019,7/23/2012,4000
Product_1447,Whse_J,Category_019,7/23/2012,1000
Product_1527,Whse_J,Category_019,7/24/2012,1000
Product_1273,Whse_J,Category_019,7/31/2012,1000
Product_1219,Whse_J,Category_019,8/23/2012,1000
Product_1273,Whse_J,Category_019,8/29/2012,6000
Product_1273,Whse_J,Category_019,9/25/2012,4000
Product_1219,Whse_J,Category_019,10/1/2012,1000
Product_1447,Whse_J,Category_019,10/24/2012,1000
Product_1219,Whse_J,Category_019,10/29/2012,1000
Product_1273,Whse_J,Category_019,10/29/2012,5000
Product_1219,Whse_J,Category_019,11/21/2012,1000
Product_1273,Whse_J,Category_019,11/21/2012,4000
Product_1447,Whse_J,Category_019,12/11/2012,1000
Product_1273,Whse_J,Category_019,12/21/2012,3000
Product_1356,Whse_J,Category_019,1/10/2012,35000
Product_1356,Whse_J,Category_019,1/24/2012,50000
Product_1356,Whse_J,Category_019,2/6/2012,36000
Product_1356,Whse_J,Category_019,2/6/2012,26000
Product_1356,Whse_J,Category_019,2/27/2012,55000
Product_1356,Whse_J,Category_019,2/16/2012,30000
Product_1356,Whse_J,Category_019,4/3/2012,68000
Product_1356,Whse_J,Category_019,3/22/2012,32000
Product_1356,Whse_J,Category_019,4/11/2012,40000
Product_1356,Whse_J,Category_019,4/19/2012,50000
Product_1356,Whse_J,Category_019,5/2/2012,44000
Product_1356,Whse_J,Category_019,5/22/2012,60000
Product_1356,Whse_J,Category_019,6/15/2012,50000
Product_1356,Whse_J,Category_019,6/28/2012,50000
Product_1356,Whse_J,Category_019,7/10/2012,25000
Product_1356,Whse_J,Category_019,7/10/2012,35000
Product_1356,Whse_J,Category_019,7/24/2012,30000
Product_1356,Whse_J,Category_019,7/31/2012,60000
Product_1356,Whse_J,Category_019,8/20/2012,40000
Product_1356,Whse_J,Category_019,9/4/2012,56000
Product_1356,Whse_J,Category_019,9/4/2012,44000
Product_1356,Whse_J,Category_019,10/1/2012,31000
Product_1356,Whse_J,Category_019,10/17/2012,50000
Product_1356,Whse_J,Category_019,10/31/2012,50000
Product_1356,Whse_J,Category_019,11/22/2012,75000
Product_1356,Whse_J,Category_019,12/20/2012,76000
Product_1153,Whse_J,Category_006,9/28/2012,15000
Product_1153,Whse_J,Category_006,9/28/2012,40000
Product_1153,Whse_J,Category_006,9/28/2012,45000
Product_1153,Whse_J,Category_006,3/21/2012,35000
Product_1153,Whse_J,Category_006,3/21/2012,15000
Product_1153,Whse_J,Category_006,8/27/2012,50000
Product_0676,Whse_J,Category_011,2/24/2012,1000
Product_0689,Whse_J,Category_011,2/24/2012,1000
Product_2013,Whse_J,Category_005,12/26/2011,700
Product_1999,Whse_J,Category_005,2/7/2012,1000
Product_1999,Whse_J,Category_005,3/1/2012,5000
Product_1999,Whse_J,Category_005,4/5/2012,1000
Product_1999,Whse_J,Category_005,7/11/2012,5000
Product_1999,Whse_J,Category_005,8/20/2012,4000
Product_1999,Whse_J,Category_005,8/20/2012,1000
Product_1999,Whse_J,Category_005,9/18/2012,5000
Product_1999,Whse_J,Category_005,12/13/2012,1000
Product_1992,Whse_J,Category_005,2/27/2012,800
Product_1992,Whse_J,Category_005,4/4/2012,800
Product_1992,Whse_J,Category_005,4/26/2012,800
Product_1992,Whse_J,Category_005,5/31/2012,800
Product_1992,Whse_J,Category_005,7/5/2012,800
Product_1992,Whse_J,Category_005,8/21/2012,800
Product_1992,Whse_J,Category_005,10/11/2012,800
Product_1992,Whse_J,Category_005,10/31/2012,800
Product_1992,Whse_J,Category_005,11/30/2012,800
Product_0942,Whse_J,Category_005,1/5/2012,600
Product_1972,Whse_J,Category_005,1/5/2012,1000
Product_0942,Whse_J,Category_005,1/18/2012,1500
Product_1972,Whse_J,Category_005,1/23/2012,1000
Product_1972,Whse_J,Category_005,2/7/2012,1000
Product_1972,Whse_J,Category_005,2/14/2012,1000
Product_1972,Whse_J,Category_005,2/20/2012,1000
Product_1972,Whse_J,Category_005,3/8/2012,1000
Product_1972,Whse_J,Category_005,4/4/2012,1000
Product_0942,Whse_J,Category_005,4/18/2012,600
Product_1972,Whse_J,Category_005,4/2/2012,1000
Product_1972,Whse_J,Category_005,4/4/2012,1000
Product_0942,Whse_J,Category_005,4/4/2012,1200
Product_1972,Whse_J,Category_005,4/11/2012,1000
Product_1972,Whse_J,Category_005,4/19/2012,1000
Product_1972,Whse_J,Category_005,5/16/2012,1000
Product_0942,Whse_J,Category_005,5/22/2012,1200
Product_1972,Whse_J,Category_005,5/28/2012,1000
Product_1972,Whse_J,Category_005,6/13/2012,1000
Product_1972,Whse_J,Category_005,6/11/2012,1000
Product_1972,Whse_J,Category_005,6/15/2012,1000
Product_1972,Whse_J,Category_005,6/28/2012,9000
Product_0942,Whse_J,Category_005,8/20/2012,100
Product_1972,Whse_J,Category_005,8/20/2012,2000
Product_1981,Whse_J,Category_005,8/24/2012,100
Product_0942,Whse_J,Category_005,10/3/2012,300
Product_0942,Whse_J,Category_005,10/10/2012,1000
Product_0942,Whse_J,Category_005,10/31/2012,1000
Product_1981,Whse_J,Category_005,10/11/2012,100
Product_0942,Whse_J,Category_005,11/30/2012,200
Product_1972,Whse_J,Category_005,11/30/2012,1000
Product_0942,Whse_J,Category_005,11/12/2012,600
Product_1972,Whse_J,Category_005,11/12/2012,3000
Product_0942,Whse_J,Category_005,12/13/2012,1000
Product_0942,Whse_J,Category_005,12/18/2012,600
Product_1972,Whse_J,Category_005,12/18/2012,3000
Product_1135,Whse_J,Category_005,9/25/2012,5000
Product_1218,Whse_J,Category_019,2/2/2012,3000
Product_1218,Whse_J,Category_019,3/27/2012,3000
Product_1218,Whse_J,Category_019,4/16/2012,3000
Product_1218,Whse_J,Category_019,5/16/2012,3000
Product_1218,Whse_J,Category_019,7/24/2012,3000
Product_0936,Whse_J,Category_006,4/2/2012,2500
Product_0936,Whse_J,Category_006,11/1/2012,2500
Product_1219,Whse_J,Category_019,2/20/2012,2000
Product_1219,Whse_J,Category_019,6/18/2012,1000
Product_1219,Whse_J,Category_019,10/1/2012,1000
Product_1755,Whse_J,Category_001,9/12/2012,3
Product_1763,Whse_J,Category_001,9/12/2012,3
Product_0608,Whse_J,Category_001,1/6/2012,1
Product_0620,Whse_J,Category_001,1/10/2012,3
Product_0613,Whse_J,Category_001,1/31/2012,1
Product_0620,Whse_J,Category_001,3/5/2012,2
Product_0620,Whse_J,Category_001,4/3/2012,3
Product_0608,Whse_J,Category_001,5/1/2012,1
Product_0620,Whse_J,Category_001,5/1/2012,1
Product_0620,Whse_J,Category_001,7/5/2012,3
Product_0608,Whse_J,Category_001,7/19/2012,3
Product_0620,Whse_J,Category_001,7/19/2012,5
Product_1752,Whse_J,Category_001,8/29/2012,2
Product_1755,Whse_J,Category_001,8/29/2012,2
Product_1757,Whse_J,Category_001,8/29/2012,2
Product_1763,Whse_J,Category_001,8/29/2012,2
Product_1757,Whse_J,Category_001,10/5/2012,1
Product_0608,Whse_J,Category_001,10/12/2012,2
Product_1999,Whse_J,Category_005,1/10/2012,1000
Product_1999,Whse_J,Category_005,6/25/2012,3000
Product_1999,Whse_J,Category_005,7/5/2012,1000
Product_0013,Whse_J,Category_005,2/9/2012,500
Product_0014,Whse_J,Category_005,3/21/2012,1000
Product_0013,Whse_J,Category_005,4/12/2012,500
Product_0014,Whse_J,Category_005,4/24/2012,1000
Product_0013,Whse_J,Category_005,5/31/2012,500
Product_0013,Whse_J,Category_005,11/6/2012,500
Product_0014,Whse_J,Category_005,12/10/2012,2000
Product_1515,Whse_J,Category_019,5/2/2012,100
Product_1515,Whse_J,Category_019,8/27/2012,100
Product_1999,Whse_J,Category_005,1/6/2012,1000
Product_1570,Whse_J,Category_019,1/10/2012,6000
Product_1570,Whse_J,Category_019,1/12/2012,500
Product_1570,Whse_J,Category_019,2/9/2012,6000
Product_0831,Whse_J,Category_019,2/3/2012,5000
Product_0831,Whse_J,Category_019,4/2/2012,5000
Product_1570,Whse_J,Category_019,5/8/2012,3000
Product_1570,Whse_J,Category_019,5/1/2012,3000
Product_1570,Whse_J,Category_019,6/7/2012,2000
Product_0831,Whse_J,Category_019,6/11/2012,1000
Product_1570,Whse_J,Category_019,8/3/2012,1000
Product_1570,Whse_J,Category_019,9/19/2012,3000
Product_1570,Whse_J,Category_019,10/9/2012,3000
Product_1570,Whse_J,Category_019,12/13/2012,5000
Product_2019,Whse_J,Category_005,12/19/2011,500
Product_2019,Whse_J,Category_005,1/11/2012,1000
Product_2019,Whse_J,Category_005,1/16/2012,1000
Product_2019,Whse_J,Category_005,1/25/2012,1000
Product_2019,Whse_J,Category_005,3/1/2012,1000
Product_2019,Whse_J,Category_005,3/21/2012,1000
Product_2019,Whse_J,Category_005,3/26/2012,1000
Product_2019,Whse_J,Category_005,4/13/2012,1000
Product_2019,Whse_J,Category_005,5/2/2012,1000
Product_2019,Whse_J,Category_005,5/23/2012,1000
Product_2019,Whse_J,Category_005,6/22/2012,1000
Product_2019,Whse_J,Category_005,6/29/2012,1000
Product_2019,Whse_J,Category_005,7/13/2012,1000
Product_2019,Whse_J,Category_005,8/23/2012,500
Product_2019,Whse_J,Category_005,9/19/2012,500
Product_2019,Whse_J,Category_005,10/4/2012,500
Product_2019,Whse_J,Category_005,10/23/2012,500
Product_2019,Whse_J,Category_005,11/1/2012,500
Product_2019,Whse_J,Category_005,11/9/2012,500
Product_2019,Whse_J,Category_005,11/28/2012,500
Product_2019,Whse_J,Category_005,12/7/2012,500
Product_2019,Whse_J,Category_005,12/25/2012,1000
Product_0036,Whse_J,Category_005,1/12/2012,3000
Product_0036,Whse_J,Category_005,2/3/2012,5000
Product_0036,Whse_J,Category_005,2/6/2012,5000
Product_0036,Whse_J,Category_005,2/13/2012,5000
Product_0036,Whse_J,Category_005,2/21/2012,5000
Product_0036,Whse_J,Category_005,2/16/2012,4000
Product_0036,Whse_J,Category_005,3/5/2012,5000
Product_1981,Whse_J,Category_005,3/1/2012,100
Product_0036,Whse_J,Category_005,4/1/2012,6000
Product_1981,Whse_J,Category_005,4/13/2012,100
Product_0036,Whse_J,Category_005,4/19/2012,5000
Product_0036,Whse_J,Category_005,5/11/2012,5000
Product_0036,Whse_J,Category_005,5/11/2012,5000
Product_0036,Whse_J,Category_005,5/10/2012,3000
Product_0036,Whse_J,Category_005,6/8/2012,5000
Product_0036,Whse_J,Category_005,6/7/2012,3000
Product_1981,Whse_J,Category_005,6/22/2012,100
Product_0036,Whse_J,Category_005,6/18/2012,5000
Product_0036,Whse_J,Category_005,6/22/2012,3000
Product_0036,Whse_J,Category_005,7/26/2012,3000
Product_0036,Whse_J,Category_005,7/30/2012,6000
Product_0036,Whse_J,Category_005,9/14/2012,3000
Product_0036,Whse_J,Category_005,10/4/2012,5000
Product_0036,Whse_J,Category_005,11/8/2012,1000
Product_0036,Whse_J,Category_005,10/31/2012,5000
Product_0036,Whse_J,Category_005,11/16/2012,5000
Product_0036,Whse_J,Category_005,12/3/2012,1000
Product_0036,Whse_J,Category_005,12/7/2012,5000
Product_0036,Whse_J,Category_005,12/14/2012,1000
Product_0036,Whse_J,Category_005,12/18/2012,5000
Product_0036,Whse_J,Category_005,12/27/2012,5000
Product_0036,Whse_J,Category_005,12/21/2012,5000
Product_1359,Whse_J,Category_019,1/19/2012,20000
Product_1359,Whse_J,Category_019,1/5/2012,25000
Product_1359,Whse_J,Category_019,1/6/2012,25000
Product_1359,Whse_J,Category_019,2/3/2012,25000
Product_1274,Whse_J,Category_019,1/27/2012,10000
Product_1501,Whse_J,Category_019,1/30/2012,1000
Product_1359,Whse_J,Category_019,1/26/2012,20000
Product_1274,Whse_J,Category_019,1/23/2012,3000
Product_1359,Whse_J,Category_019,1/31/2012,1000
Product_1359,Whse_J,Category_019,2/17/2012,21000
Product_1359,Whse_J,Category_019,2/17/2012,25000
Product_1501,Whse_J,Category_019,2/21/2012,1000
Product_1359,Whse_J,Category_019,2/16/2012,20000
Product_1274,Whse_J,Category_019,3/2/2012,10000
Product_1274,Whse_J,Category_019,2/22/2012,15000
Product_1274,Whse_J,Category_019,3/1/2012,4000
Product_1359,Whse_J,Category_019,3/15/2012,20000
Product_1359,Whse_J,Category_019,3/22/2012,20000
Product_1359,Whse_J,Category_019,3/16/2012,25000
Product_1501,Whse_J,Category_019,3/16/2012,1000
Product_1359,Whse_J,Category_019,4/13/2012,20000
Product_1359,Whse_J,Category_019,5/10/2012,20000
Product_1359,Whse_J,Category_019,4/18/2012,10000
Product_1274,Whse_J,Category_019,4/18/2012,6000
Product_1359,Whse_J,Category_019,4/18/2012,10000
Product_1359,Whse_J,Category_019,4/24/2012,25000
Product_1274,Whse_J,Category_019,4/23/2012,3000
Product_1359,Whse_J,Category_019,4/23/2012,10000
Product_1274,Whse_J,Category_019,4/26/2012,10000
Product_1359,Whse_J,Category_019,5/11/2012,25000
Product_1359,Whse_J,Category_019,6/8/2012,25000
Product_1359,Whse_J,Category_019,5/24/2012,25000
Product_1359,Whse_J,Category_019,6/7/2012,25000
Product_1359,Whse_J,Category_019,7/9/2012,25000
Product_1359,Whse_J,Category_019,6/12/2012,10000
Product_1274,Whse_J,Category_019,6/22/2012,1000
Product_1359,Whse_J,Category_019,6/21/2012,20000
Product_1274,Whse_J,Category_019,7/9/2012,1000
Product_1359,Whse_J,Category_019,7/2/2012,25000
Product_1274,Whse_J,Category_019,6/29/2012,15000
Product_1274,Whse_J,Category_019,7/19/2012,3000
Product_1359,Whse_J,Category_019,7/19/2012,5000
Product_1359,Whse_J,Category_019,7/31/2012,10000
Product_1501,Whse_J,Category_019,7/12/2012,1000
Product_1359,Whse_J,Category_019,7/25/2012,20000
Product_1274,Whse_J,Category_019,7/30/2012,1000
Product_1274,Whse_J,Category_019,7/30/2012,1000
Product_1359,Whse_J,Category_019,7/30/2012,10000
Product_1359,Whse_J,Category_019,8/20/2012,5000
Product_1501,Whse_J,Category_019,8/23/2012,1000
Product_1274,Whse_J,Category_019,8/31/2012,1000
Product_1359,Whse_J,Category_019,8/24/2012,25000
Product_1359,Whse_J,Category_019,8/27/2012,20000
Product_1359,Whse_J,Category_019,8/31/2012,5000
Product_1274,Whse_J,Category_019,9/13/2012,1000
Product_1359,Whse_J,Category_019,9/13/2012,10000
Product_1359,Whse_J,Category_019,9/5/2012,25000
Product_1274,Whse_J,Category_019,9/13/2012,10000
Product_1274,Whse_J,Category_019,9/13/2012,2000
Product_1274,Whse_J,Category_019,9/14/2012,2000
Product_1359,Whse_J,Category_019,9/14/2012,5000
Product_1359,Whse_J,Category_019,9/18/2012,25000
Product_1359,Whse_J,Category_019,9/24/2012,30000
Product_1359,Whse_J,Category_019,10/4/2012,25000
Product_1501,Whse_J,Category_019,10/4/2012,1000
Product_1359,Whse_J,Category_019,10/12/2012,5000
Product_1274,Whse_J,Category_019,10/12/2012,10000
Product_1359,Whse_J,Category_019,10/15/2012,25000
Product_1359,Whse_J,Category_019,10/26/2012,5000
Product_1274,Whse_J,Category_019,10/26/2012,5000
Product_1359,Whse_J,Category_019,10/24/2012,15000
Product_1274,Whse_J,Category_019,10/16/2012,15000
Product_1359,Whse_J,Category_019,10/24/2012,20000
Product_1359,Whse_J,Category_019,11/8/2012,5000
Product_1274,Whse_J,Category_019,11/9/2012,10000
Product_1359,Whse_J,Category_019,11/6/2012,25000
Product_1274,Whse_J,Category_019,11/9/2012,1000
Product_1359,Whse_J,Category_019,11/13/2012,50000
Product_1274,Whse_J,Category_019,11/16/2012,1000
Product_1359,Whse_J,Category_019,11/15/2012,25000
Product_1359,Whse_J,Category_019,11/19/2012,5000
Product_1359,Whse_J,Category_019,11/16/2012,25000
Product_1501,Whse_J,Category_019,11/16/2012,1000
Product_1274,Whse_J,Category_019,12/7/2012,10000
Product_1359,Whse_J,Category_019,11/22/2012,20000
Product_1274,Whse_J,Category_019,12/3/2012,5000
Product_1501,Whse_J,Category_019,12/6/2012,1000
Product_1359,Whse_J,Category_019,12/7/2012,25000
Product_1359,Whse_J,Category_019,12/10/2012,5000
Product_1359,Whse_J,Category_019,12/14/2012,10000
Product_1359,Whse_J,Category_019,12/17/2012,25000
Product_1359,Whse_J,Category_019,12/20/2012,17000
Product_1501,Whse_J,Category_019,12/27/2012,1000
Product_1274,Whse_J,Category_019,12/25/2012,30000
Product_1359,Whse_J,Category_019,12/25/2012,25000
Product_1039,Whse_J,Category_005,4/4/2012,100
Product_1039,Whse_J,Category_005,8/17/2012,100
Product_1039,Whse_J,Category_005,11/20/2012,200
Product_1147,Whse_J,Category_006,1/24/2012,60000
Product_1147,Whse_J,Category_006,1/5/2012,30000
Product_1147,Whse_J,Category_006,5/23/2012,30000
Product_1147,Whse_J,Category_006,5/24/2012,30000
Product_1147,Whse_J,Category_006,7/9/2012,20000
Product_1147,Whse_J,Category_006,7/13/2012,10000
Product_1147,Whse_J,Category_006,7/23/2012,20000
Product_1147,Whse_J,Category_006,7/23/2012,10000
Product_1147,Whse_J,Category_006,8/23/2012,20000
Product_1147,Whse_J,Category_006,11/7/2012,15000
Product_1147,Whse_J,Category_006,11/15/2012,40000
Product_1147,Whse_J,Category_006,12/3/2012,15000
Product_1147,Whse_J,Category_006,12/10/2012,85000
Product_1399,Whse_S,Category_019,1/5/2012,5000
Product_1399,Whse_S,Category_019,1/5/2012,2000
Product_1399,Whse_S,Category_019,4/12/2012,3000
Product_1399,Whse_S,Category_019,4/26/2012,1000
Product_1399,Whse_S,Category_019,5/16/2012,2000
Product_1399,Whse_S,Category_019,6/22/2012,3000
Product_1399,Whse_S,Category_019,7/6/2012,6000
Product_1399,Whse_S,Category_019,10/12/2012,2000
Product_1399,Whse_S,Category_019,11/23/2012,2000
Product_1817,Whse_S,Category_006,12/27/2011,50000
Product_1817,Whse_S,Category_006,12/26/2011,100000
Product_1719,Whse_S,Category_003,6/25/2012,72
Product_1571,Whse_S,Category_019,1/5/2012,175000
Product_1571,Whse_S,Category_019,1/30/2012,5500
Product_1571,Whse_S,Category_019,1/13/2012,4000
Product_1571,Whse_S,Category_019,2/15/2012,4000
Product_1571,Whse_S,Category_019,2/29/2012,9500
Product_1571,Whse_S,Category_019,4/10/2012,19000
Product_1571,Whse_S,Category_019,7/12/2012,53000
Product_1571,Whse_S,Category_019,7/23/2012,21500
Product_1571,Whse_S,Category_019,7/24/2012,5000
Product_1571,Whse_S,Category_019,8/15/2012,9000
Product_1571,Whse_S,Category_019,8/30/2012,21500
Product_1571,Whse_S,Category_019,9/13/2012,22000
Product_1571,Whse_S,Category_019,9/27/2012,500
Product_1571,Whse_S,Category_019,10/25/2012,7500
Product_1571,Whse_S,Category_019,11/8/2012,10000
Product_1571,Whse_S,Category_019,11/22/2012,11500
Product_1571,Whse_S,Category_019,12/6/2012,8000
Product_1571,Whse_S,Category_019,12/6/2012,9000
Product_1571,Whse_S,Category_019,12/28/2012,14000
Product_1278,Whse_S,Category_019,7/16/2012,6000
Product_1278,Whse_S,Category_019,7/16/2012,24000
Product_1278,Whse_S,Category_019,7/27/2012,20000
Product_2004,Whse_J,Category_005,1/6/2012,2000
Product_2004,Whse_J,Category_005,1/16/2012,2000
Product_2004,Whse_J,Category_005,3/19/2012,1000
Product_2004,Whse_J,Category_005,4/19/2012,2000
Product_2004,Whse_J,Category_005,5/29/2012,1000
Product_2004,Whse_J,Category_005,6/18/2012,1000
Product_2004,Whse_J,Category_005,11/20/2012,1000
Product_2004,Whse_J,Category_005,7/5/2012,2000
Product_2004,Whse_J,Category_005,8/1/2012,1000
Product_2004,Whse_J,Category_005,10/12/2012,1000
Product_2004,Whse_J,Category_005,12/14/2012,1000
Product_0083,Whse_J,Category_019,10/16/2012,1000
Product_1970,Whse_J,Category_005,7/11/2012,6000
Product_1970,Whse_J,Category_005,1/10/2012,4000
Product_1970,Whse_J,Category_005,2/2/2012,4000
Product_1970,Whse_J,Category_005,3/2/2012,5000
Product_1970,Whse_J,Category_005,4/2/2012,10000
Product_1970,Whse_J,Category_005,5/28/2012,6000
Product_1970,Whse_J,Category_005,8/10/2012,5000
Product_1552,Whse_J,Category_019,1/6/2012,30000
Product_1552,Whse_J,Category_019,1/25/2012,30000
Product_1552,Whse_J,Category_019,2/20/2012,30000
Product_1552,Whse_J,Category_019,3/14/2012,10000
Product_1552,Whse_J,Category_019,3/14/2012,20000
Product_1552,Whse_J,Category_019,4/3/2012,30000
Product_1552,Whse_J,Category_019,4/9/2012,30000
Product_1552,Whse_J,Category_019,4/12/2012,20000
Product_1290,Whse_J,Category_019,1/6/2012,50000
Product_1290,Whse_J,Category_019,2/3/2012,50000
Product_1552,Whse_J,Category_019,4/16/2012,30000
Product_1552,Whse_J,Category_019,4/24/2012,30000
Product_1552,Whse_J,Category_019,5/8/2012,30000
Product_1552,Whse_J,Category_019,5/15/2012,30000
Product_1552,Whse_J,Category_019,5/22/2012,30000
Product_1290,Whse_J,Category_019,3/19/2012,50000
Product_1287,Whse_J,Category_019,4/2/2012,50000
Product_1290,Whse_J,Category_019,4/6/2012,50000
Product_1552,Whse_J,Category_019,6/3/2012,30000
Product_1552,Whse_J,Category_019,6/13/2012,30000
Product_1552,Whse_J,Category_019,6/20/2012,30000
Product_1652,Whse_J,Category_019,4/19/2012,3000
Product_1552,Whse_J,Category_019,6/26/2012,30000
Product_1552,Whse_J,Category_019,7/9/2012,30000
Product_1552,Whse_J,Category_019,7/20/2012,20000
Product_1290,Whse_J,Category_019,4/26/2012,50000
Product_1290,Whse_J,Category_019,5/16/2012,50000
Product_1290,Whse_J,Category_019,5/31/2012,50000
Product_1552,Whse_J,Category_019,7/26/2012,30000
Product_1286,Whse_J,Category_019,6/15/2012,50000
Product_1290,Whse_J,Category_019,7/3/2012,50000
Product_1290,Whse_J,Category_019,8/1/2012,50000
Product_1652,Whse_J,Category_019,9/4/2012,500
Product_1552,Whse_J,Category_019,10/9/2012,30000
Product_1552,Whse_J,Category_019,11/1/2012,50000
Product_1290,Whse_J,Category_019,10/2/2012,50000
Product_1552,Whse_J,Category_019,11/28/2012,50000
Product_1288,Whse_J,Category_019,10/25/2012,47000
Product_1288,Whse_J,Category_019,10/25/2012,3000
Product_1290,Whse_J,Category_019,11/2/2012,50000
Product_1652,Whse_J,Category_019,11/12/2012,6000
Product_1552,Whse_J,Category_019,11/27/2012,48600
Product_1552,Whse_J,Category_019,12/18/2012,50000
Product_1652,Whse_J,Category_019,12/21/2012,4000
Product_1290,Whse_J,Category_019,12/4/2012,50000
Product_1342,Whse_S,Category_019,5/16/2012,15000
